"","country_code","month","active_editors","active_editors_ns0"
"1","AD","2020-09","1 - 10","1 - 10"
"2","AD","2020-11","1 - 10","1 - 10"
"3","AD","2021-02","1 - 10","1 - 10"
"4","AD","2021-03","1 - 10","1 - 10"
"5","AD","2021-04","1 - 10","1 - 10"
"6","AD","2021-05","1 - 10","1 - 10"
"7","AF","2020-09","1 - 10","1 - 10"
"8","AF","2020-10","1 - 10","1 - 10"
"9","AF","2020-11","1 - 10","1 - 10"
"10","AF","2021-02","1 - 10","1 - 10"
"11","AF","2021-03","1 - 10","1 - 10"
"12","AF","2021-04","1 - 10","1 - 10"
"13","AF","2021-05","1 - 10","1 - 10"
"14","AF","2021-06","1 - 10","1 - 10"
"15","AF","2021-07","1 - 10","1 - 10"
"16","AF","2021-08","1 - 10","1 - 10"
"17","AL","2020-09","1 - 10","1 - 10"
"18","AL","2020-10","1 - 10","1 - 10"
"19","AL","2020-11","1 - 10","1 - 10"
"20","AL","2020-12","1 - 10","1 - 10"
"21","AL","2021-01","11 - 20","11 - 20"
"22","AL","2021-02","11 - 20","11 - 20"
"23","AL","2021-03","1 - 10","1 - 10"
"24","AL","2021-04","1 - 10","1 - 10"
"25","AL","2021-05","1 - 10","1 - 10"
"26","AL","2021-06","1 - 10","1 - 10"
"27","AL","2021-07","1 - 10","1 - 10"
"28","AL","2021-08","1 - 10","1 - 10"
"29","AM","2020-09","> 100","> 100"
"30","AM","2020-10","> 100","> 100"
"31","AM","2020-11","91 - 100","91 - 100"
"32","AM","2020-12","91 - 100","91 - 100"
"33","AM","2021-01","71 - 80","71 - 80"
"34","AM","2021-02","61 - 70","61 - 70"
"35","AM","2021-03","81 - 90","81 - 90"
"36","AM","2021-04","71 - 80","71 - 80"
"37","AM","2021-05","61 - 70","61 - 70"
"38","AM","2021-06","61 - 70","61 - 70"
"39","AM","2021-07","71 - 80","71 - 80"
"40","AM","2021-08","51 - 60","51 - 60"
"41","AO","2020-10","1 - 10","1 - 10"
"42","AO","2021-02","1 - 10","1 - 10"
"43","AO","2021-04","1 - 10","1 - 10"
"44","AO","2021-05","1 - 10","1 - 10"
"45","AO","2021-06","1 - 10","1 - 10"
"46","AO","2021-07","1 - 10","1 - 10"
"47","AO","2021-08","1 - 10","1 - 10"
"48","AR","2020-09","> 100","> 100"
"49","AR","2020-10","> 100","> 100"
"50","AR","2020-11","> 100","> 100"
"51","AR","2020-12","> 100","> 100"
"52","AR","2021-01","> 100","> 100"
"53","AR","2021-02","> 100","> 100"
"54","AR","2021-03","> 100","> 100"
"55","AR","2021-04","> 100","> 100"
"56","AR","2021-05","> 100","> 100"
"57","AR","2021-06","> 100","> 100"
"58","AR","2021-07","> 100","> 100"
"59","AR","2021-08","> 100","> 100"
"60","AT","2020-09","91 - 100","91 - 100"
"61","AT","2020-10","> 100","> 100"
"62","AT","2020-11","> 100","> 100"
"63","AT","2020-12","91 - 100","91 - 100"
"64","AT","2021-01","> 100","> 100"
"65","AT","2021-02","> 100","> 100"
"66","AT","2021-03","> 100","> 100"
"67","AT","2021-04","> 100","> 100"
"68","AT","2021-05","> 100","> 100"
"69","AT","2021-06","91 - 100","91 - 100"
"70","AT","2021-07","91 - 100","91 - 100"
"71","AT","2021-08","91 - 100","91 - 100"
"72","AU","2020-09","> 100","> 100"
"73","AU","2020-10","> 100","> 100"
"74","AU","2020-11","> 100","> 100"
"75","AU","2020-12","> 100","> 100"
"76","AU","2021-01","> 100","> 100"
"77","AU","2021-02","> 100","> 100"
"78","AU","2021-03","> 100","> 100"
"79","AU","2021-04","> 100","> 100"
"80","AU","2021-05","> 100","> 100"
"81","AU","2021-06","> 100","> 100"
"82","AU","2021-07","> 100","> 100"
"83","AU","2021-08","> 100","> 100"
"84","AW","2020-12","1 - 10","1 - 10"
"85","AW","2021-06","1 - 10","1 - 10"
"86","AX","2021-01","1 - 10","1 - 10"
"87","BA","2020-09","21 - 30","21 - 30"
"88","BA","2020-10","31 - 40","31 - 40"
"89","BA","2020-11","21 - 30","21 - 30"
"90","BA","2020-12","21 - 30","21 - 30"
"91","BA","2021-01","21 - 30","21 - 30"
"92","BA","2021-02","31 - 40","31 - 40"
"93","BA","2021-03","31 - 40","31 - 40"
"94","BA","2021-04","11 - 20","11 - 20"
"95","BA","2021-05","21 - 30","21 - 30"
"96","BA","2021-06","11 - 20","11 - 20"
"97","BA","2021-07","31 - 40","31 - 40"
"98","BA","2021-08","21 - 30","21 - 30"
"99","BB","2020-09","1 - 10","1 - 10"
"100","BD","2020-09","71 - 80","71 - 80"
"101","BD","2020-10","91 - 100","81 - 90"
"102","BD","2020-11","81 - 90","71 - 80"
"103","BD","2020-12","91 - 100","91 - 100"
"104","BD","2021-01","> 100","> 100"
"105","BD","2021-02","> 100","> 100"
"106","BD","2021-03","> 100","> 100"
"107","BD","2021-04","> 100","> 100"
"108","BD","2021-05","> 100","> 100"
"109","BD","2021-06","> 100","> 100"
"110","BD","2021-07","> 100","> 100"
"111","BD","2021-08","> 100","> 100"
"112","BE","2020-09","> 100","> 100"
"113","BE","2020-10","> 100","> 100"
"114","BE","2020-11","> 100","> 100"
"115","BE","2020-12","> 100","> 100"
"116","BE","2021-01","> 100","> 100"
"117","BE","2021-02","> 100","> 100"
"118","BE","2021-03","> 100","> 100"
"119","BE","2021-04","> 100","> 100"
"120","BE","2021-05","> 100","> 100"
"121","BE","2021-06","> 100","> 100"
"122","BE","2021-07","> 100","> 100"
"123","BE","2021-08","> 100","> 100"
"124","BF","2021-01","1 - 10","1 - 10"
"125","BF","2021-06","1 - 10","1 - 10"
"126","BF","2021-07","1 - 10","1 - 10"
"127","BG","2020-09","51 - 60","51 - 60"
"128","BG","2020-10","71 - 80","71 - 80"
"129","BG","2020-11","71 - 80","71 - 80"
"130","BG","2020-12","61 - 70","61 - 70"
"131","BG","2021-01","61 - 70","61 - 70"
"132","BG","2021-02","51 - 60","51 - 60"
"133","BG","2021-03","71 - 80","71 - 80"
"134","BG","2021-04","51 - 60","51 - 60"
"135","BG","2021-05","51 - 60","51 - 60"
"136","BG","2021-06","51 - 60","51 - 60"
"137","BG","2021-07","71 - 80","71 - 80"
"138","BG","2021-08","51 - 60","51 - 60"
"139","BJ","2020-09","1 - 10","1 - 10"
"140","BJ","2020-10","1 - 10","1 - 10"
"141","BJ","2020-12","1 - 10","1 - 10"
"142","BJ","2021-01","1 - 10","1 - 10"
"143","BJ","2021-02","1 - 10","1 - 10"
"144","BJ","2021-05","1 - 10","0"
"145","BJ","2021-06","1 - 10","1 - 10"
"146","BJ","2021-07","1 - 10","1 - 10"
"147","BJ","2021-08","11 - 20","11 - 20"
"148","BM","2021-01","1 - 10","1 - 10"
"149","BM","2021-02","1 - 10","1 - 10"
"150","BM","2021-03","1 - 10","1 - 10"
"151","BN","2020-11","1 - 10","1 - 10"
"152","BN","2020-12","1 - 10","1 - 10"
"153","BN","2021-01","1 - 10","1 - 10"
"154","BN","2021-02","1 - 10","1 - 10"
"155","BN","2021-03","1 - 10","1 - 10"
"156","BN","2021-04","1 - 10","1 - 10"
"157","BN","2021-05","1 - 10","1 - 10"
"158","BN","2021-06","1 - 10","1 - 10"
"159","BN","2021-07","1 - 10","1 - 10"
"160","BN","2021-08","1 - 10","1 - 10"
"161","BO","2020-09","1 - 10","1 - 10"
"162","BO","2020-10","1 - 10","1 - 10"
"163","BO","2020-11","11 - 20","11 - 20"
"164","BO","2020-12","1 - 10","1 - 10"
"165","BO","2021-01","11 - 20","11 - 20"
"166","BO","2021-02","1 - 10","1 - 10"
"167","BO","2021-03","11 - 20","11 - 20"
"168","BO","2021-04","11 - 20","11 - 20"
"169","BO","2021-05","11 - 20","11 - 20"
"170","BO","2021-06","11 - 20","11 - 20"
"171","BO","2021-07","11 - 20","11 - 20"
"172","BO","2021-08","11 - 20","11 - 20"
"173","BQ","2021-07","1 - 10","1 - 10"
"174","BR","2020-09","> 100","> 100"
"175","BR","2020-10","> 100","> 100"
"176","BR","2020-11","> 100","> 100"
"177","BR","2020-12","> 100","> 100"
"178","BR","2021-01","> 100","> 100"
"179","BR","2021-02","> 100","> 100"
"180","BR","2021-03","> 100","> 100"
"181","BR","2021-04","> 100","> 100"
"182","BR","2021-05","> 100","> 100"
"183","BR","2021-06","> 100","> 100"
"184","BR","2021-07","> 100","> 100"
"185","BR","2021-08","> 100","> 100"
"186","BS","2020-12","1 - 10","1 - 10"
"187","BT","2021-01","1 - 10","1 - 10"
"188","BT","2021-05","1 - 10","1 - 10"
"189","BT","2021-06","1 - 10","1 - 10"
"190","BW","2021-01","1 - 10","1 - 10"
"191","BW","2021-02","1 - 10","1 - 10"
"192","BW","2021-03","1 - 10","1 - 10"
"193","BW","2021-04","1 - 10","1 - 10"
"194","BW","2021-05","1 - 10","1 - 10"
"195","BW","2021-06","1 - 10","1 - 10"
"196","BW","2021-08","1 - 10","1 - 10"
"197","BZ","2020-11","1 - 10","1 - 10"
"198","BZ","2021-01","1 - 10","1 - 10"
"199","BZ","2021-02","1 - 10","1 - 10"
"200","BZ","2021-03","1 - 10","1 - 10"
"201","BZ","2021-06","1 - 10","1 - 10"
"202","CA","2020-09","> 100","> 100"
"203","CA","2020-10","> 100","> 100"
"204","CA","2020-11","> 100","> 100"
"205","CA","2020-12","> 100","> 100"
"206","CA","2021-01","> 100","> 100"
"207","CA","2021-02","> 100","> 100"
"208","CA","2021-03","> 100","> 100"
"209","CA","2021-04","> 100","> 100"
"210","CA","2021-05","> 100","> 100"
"211","CA","2021-06","> 100","> 100"
"212","CA","2021-07","> 100","> 100"
"213","CA","2021-08","> 100","> 100"
"214","CD","2020-09","1 - 10","1 - 10"
"215","CD","2020-10","1 - 10","1 - 10"
"216","CD","2020-11","1 - 10","1 - 10"
"217","CD","2021-01","1 - 10","1 - 10"
"218","CD","2021-02","1 - 10","1 - 10"
"219","CD","2021-03","1 - 10","1 - 10"
"220","CD","2021-04","1 - 10","1 - 10"
"221","CD","2021-05","1 - 10","1 - 10"
"222","CD","2021-06","1 - 10","1 - 10"
"223","CD","2021-07","1 - 10","1 - 10"
"224","CD","2021-08","1 - 10","1 - 10"
"225","CG","2020-10","1 - 10","1 - 10"
"226","CG","2020-11","1 - 10","1 - 10"
"227","CG","2020-12","1 - 10","1 - 10"
"228","CG","2021-01","1 - 10","1 - 10"
"229","CG","2021-02","1 - 10","1 - 10"
"230","CG","2021-05","1 - 10","1 - 10"
"231","CG","2021-06","1 - 10","1 - 10"
"232","CG","2021-07","1 - 10","1 - 10"
"233","CG","2021-08","1 - 10","1 - 10"
"234","CH","2020-09","> 100","> 100"
"235","CH","2020-10","> 100","> 100"
"236","CH","2020-11","> 100","> 100"
"237","CH","2020-12","> 100","> 100"
"238","CH","2021-01","> 100","> 100"
"239","CH","2021-02","> 100","> 100"
"240","CH","2021-03","> 100","> 100"
"241","CH","2021-04","> 100","> 100"
"242","CH","2021-05","> 100","> 100"
"243","CH","2021-06","> 100","> 100"
"244","CH","2021-07","> 100","> 100"
"245","CH","2021-08","> 100","> 100"
"246","CI","2020-10","1 - 10","1 - 10"
"247","CI","2020-12","1 - 10","1 - 10"
"248","CI","2021-02","1 - 10","0"
"249","CI","2021-03","1 - 10","1 - 10"
"250","CI","2021-05","1 - 10","1 - 10"
"251","CI","2021-06","1 - 10","1 - 10"
"252","CI","2021-07","1 - 10","1 - 10"
"253","CI","2021-08","1 - 10","1 - 10"
"254","CL","2020-09","> 100","> 100"
"255","CL","2020-10","81 - 90","81 - 90"
"256","CL","2020-11","91 - 100","91 - 100"
"257","CL","2020-12","81 - 90","81 - 90"
"258","CL","2021-01","81 - 90","81 - 90"
"259","CL","2021-02","61 - 70","61 - 70"
"260","CL","2021-03","91 - 100","91 - 100"
"261","CL","2021-04","91 - 100","91 - 100"
"262","CL","2021-05","> 100","> 100"
"263","CL","2021-06","91 - 100","91 - 100"
"264","CL","2021-07","81 - 90","81 - 90"
"265","CL","2021-08","81 - 90","81 - 90"
"266","CM","2020-09","1 - 10","1 - 10"
"267","CM","2020-11","1 - 10","1 - 10"
"268","CM","2020-12","1 - 10","1 - 10"
"269","CM","2021-01","1 - 10","1 - 10"
"270","CM","2021-02","1 - 10","1 - 10"
"271","CM","2021-04","1 - 10","1 - 10"
"272","CM","2021-05","1 - 10","1 - 10"
"273","CM","2021-06","1 - 10","1 - 10"
"274","CM","2021-07","11 - 20","11 - 20"
"275","CM","2021-08","1 - 10","1 - 10"
"276","CO","2020-09","> 100","> 100"
"277","CO","2020-10","81 - 90","81 - 90"
"278","CO","2020-11","81 - 90","81 - 90"
"279","CO","2020-12","61 - 70","61 - 70"
"280","CO","2021-01","81 - 90","81 - 90"
"281","CO","2021-02","61 - 70","61 - 70"
"282","CO","2021-03","91 - 100","91 - 100"
"283","CO","2021-04","81 - 90","81 - 90"
"284","CO","2021-05","81 - 90","81 - 90"
"285","CO","2021-06","81 - 90","81 - 90"
"286","CO","2021-07","71 - 80","71 - 80"
"287","CO","2021-08","71 - 80","71 - 80"
"288","CR","2020-09","11 - 20","11 - 20"
"289","CR","2020-10","11 - 20","11 - 20"
"290","CR","2020-11","21 - 30","21 - 30"
"291","CR","2020-12","11 - 20","11 - 20"
"292","CR","2021-01","11 - 20","11 - 20"
"293","CR","2021-02","11 - 20","11 - 20"
"294","CR","2021-03","1 - 10","1 - 10"
"295","CR","2021-04","11 - 20","11 - 20"
"296","CR","2021-05","11 - 20","11 - 20"
"297","CR","2021-06","11 - 20","11 - 20"
"298","CR","2021-07","11 - 20","11 - 20"
"299","CR","2021-08","21 - 30","21 - 30"
"300","CW","2020-09","1 - 10","1 - 10"
"301","CW","2021-02","1 - 10","1 - 10"
"302","CW","2021-04","1 - 10","1 - 10"
"303","CW","2021-05","1 - 10","1 - 10"
"304","CW","2021-08","1 - 10","1 - 10"
"305","CY","2020-09","1 - 10","1 - 10"
"306","CY","2020-10","1 - 10","1 - 10"
"307","CY","2020-11","1 - 10","1 - 10"
"308","CY","2020-12","1 - 10","1 - 10"
"309","CY","2021-01","1 - 10","1 - 10"
"310","CY","2021-02","1 - 10","1 - 10"
"311","CY","2021-03","1 - 10","1 - 10"
"312","CY","2021-04","1 - 10","1 - 10"
"313","CY","2021-05","1 - 10","1 - 10"
"314","CY","2021-06","1 - 10","1 - 10"
"315","CY","2021-07","1 - 10","1 - 10"
"316","CY","2021-08","1 - 10","1 - 10"
"317","CZ","2020-09","> 100","> 100"
"318","CZ","2020-10","> 100","> 100"
"319","CZ","2020-11","> 100","> 100"
"320","CZ","2020-12","> 100","> 100"
"321","CZ","2021-01","> 100","> 100"
"322","CZ","2021-02","> 100","> 100"
"323","CZ","2021-03","> 100","> 100"
"324","CZ","2021-04","> 100","> 100"
"325","CZ","2021-05","> 100","> 100"
"326","CZ","2021-06","> 100","> 100"
"327","CZ","2021-07","> 100","> 100"
"328","CZ","2021-08","> 100","> 100"
"329","DE","2020-09","> 100","> 100"
"330","DE","2020-10","> 100","> 100"
"331","DE","2020-11","> 100","> 100"
"332","DE","2020-12","> 100","> 100"
"333","DE","2021-01","> 100","> 100"
"334","DE","2021-02","> 100","> 100"
"335","DE","2021-03","> 100","> 100"
"336","DE","2021-04","> 100","> 100"
"337","DE","2021-05","> 100","> 100"
"338","DE","2021-06","> 100","> 100"
"339","DE","2021-07","> 100","> 100"
"340","DE","2021-08","> 100","> 100"
"341","DK","2020-09","71 - 80","71 - 80"
"342","DK","2020-10","71 - 80","71 - 80"
"343","DK","2020-11","71 - 80","71 - 80"
"344","DK","2020-12","71 - 80","71 - 80"
"345","DK","2021-01","71 - 80","71 - 80"
"346","DK","2021-02","61 - 70","61 - 70"
"347","DK","2021-03","71 - 80","71 - 80"
"348","DK","2021-04","81 - 90","71 - 80"
"349","DK","2021-05","71 - 80","71 - 80"
"350","DK","2021-06","61 - 70","61 - 70"
"351","DK","2021-07","51 - 60","51 - 60"
"352","DK","2021-08","71 - 80","71 - 80"
"353","DO","2020-09","11 - 20","11 - 20"
"354","DO","2020-10","11 - 20","11 - 20"
"355","DO","2020-11","11 - 20","11 - 20"
"356","DO","2020-12","11 - 20","11 - 20"
"357","DO","2021-01","31 - 40","31 - 40"
"358","DO","2021-02","21 - 30","21 - 30"
"359","DO","2021-03","21 - 30","21 - 30"
"360","DO","2021-04","21 - 30","21 - 30"
"361","DO","2021-05","31 - 40","31 - 40"
"362","DO","2021-06","11 - 20","11 - 20"
"363","DO","2021-07","11 - 20","11 - 20"
"364","DO","2021-08","21 - 30","21 - 30"
"365","DZ","2020-09","11 - 20","11 - 20"
"366","DZ","2020-10","21 - 30","21 - 30"
"367","DZ","2020-11","21 - 30","21 - 30"
"368","DZ","2020-12","21 - 30","21 - 30"
"369","DZ","2021-01","11 - 20","11 - 20"
"370","DZ","2021-02","11 - 20","11 - 20"
"371","DZ","2021-03","21 - 30","21 - 30"
"372","DZ","2021-04","21 - 30","21 - 30"
"373","DZ","2021-05","11 - 20","11 - 20"
"374","DZ","2021-06","11 - 20","11 - 20"
"375","DZ","2021-07","11 - 20","11 - 20"
"376","DZ","2021-08","11 - 20","11 - 20"
"377","EC","2020-09","31 - 40","31 - 40"
"378","EC","2020-10","21 - 30","21 - 30"
"379","EC","2020-11","21 - 30","21 - 30"
"380","EC","2020-12","11 - 20","11 - 20"
"381","EC","2021-01","31 - 40","31 - 40"
"382","EC","2021-02","21 - 30","21 - 30"
"383","EC","2021-03","21 - 30","21 - 30"
"384","EC","2021-04","21 - 30","21 - 30"
"385","EC","2021-05","31 - 40","31 - 40"
"386","EC","2021-06","21 - 30","21 - 30"
"387","EC","2021-07","31 - 40","31 - 40"
"388","EC","2021-08","21 - 30","21 - 30"
"389","EE","2020-09","> 100","> 100"
"390","EE","2020-10","> 100","> 100"
"391","EE","2020-11","> 100","> 100"
"392","EE","2020-12","> 100","> 100"
"393","EE","2021-01","> 100","> 100"
"394","EE","2021-02","> 100","> 100"
"395","EE","2021-03","91 - 100","91 - 100"
"396","EE","2021-04","91 - 100","91 - 100"
"397","EE","2021-05","81 - 90","81 - 90"
"398","EE","2021-06","91 - 100","91 - 100"
"399","EE","2021-07","> 100","> 100"
"400","EE","2021-08","> 100","> 100"
"401","ES","2020-09","> 100","> 100"
"402","ES","2020-10","> 100","> 100"
"403","ES","2020-11","> 100","> 100"
"404","ES","2020-12","> 100","> 100"
"405","ES","2021-01","> 100","> 100"
"406","ES","2021-02","> 100","> 100"
"407","ES","2021-03","> 100","> 100"
"408","ES","2021-04","> 100","> 100"
"409","ES","2021-05","> 100","> 100"
"410","ES","2021-06","> 100","> 100"
"411","ES","2021-07","> 100","> 100"
"412","ES","2021-08","> 100","> 100"
"413","FI","2020-09","> 100","> 100"
"414","FI","2020-10","> 100","> 100"
"415","FI","2020-11","> 100","> 100"
"416","FI","2020-12","> 100","> 100"
"417","FI","2021-01","> 100","> 100"
"418","FI","2021-02","> 100","> 100"
"419","FI","2021-03","> 100","> 100"
"420","FI","2021-04","> 100","> 100"
"421","FI","2021-05","> 100","> 100"
"422","FI","2021-06","> 100","> 100"
"423","FI","2021-07","> 100","> 100"
"424","FI","2021-08","> 100","> 100"
"425","FJ","2020-09","1 - 10","1 - 10"
"426","FJ","2020-11","1 - 10","1 - 10"
"427","FJ","2020-12","1 - 10","1 - 10"
"428","FJ","2021-04","1 - 10","1 - 10"
"429","FO","2020-09","1 - 10","1 - 10"
"430","FO","2020-10","1 - 10","1 - 10"
"431","FO","2020-11","1 - 10","1 - 10"
"432","FO","2020-12","1 - 10","1 - 10"
"433","FO","2021-01","1 - 10","1 - 10"
"434","FO","2021-02","1 - 10","1 - 10"
"435","FO","2021-03","1 - 10","1 - 10"
"436","FO","2021-04","1 - 10","1 - 10"
"437","FO","2021-05","1 - 10","1 - 10"
"438","FO","2021-06","1 - 10","0"
"439","FR","2020-09","> 100","> 100"
"440","FR","2020-10","> 100","> 100"
"441","FR","2020-11","> 100","> 100"
"442","FR","2020-12","> 100","> 100"
"443","FR","2021-01","> 100","> 100"
"444","FR","2021-02","> 100","> 100"
"445","FR","2021-03","> 100","> 100"
"446","FR","2021-04","> 100","> 100"
"447","FR","2021-05","> 100","> 100"
"448","FR","2021-06","> 100","> 100"
"449","FR","2021-07","> 100","> 100"
"450","FR","2021-08","> 100","> 100"
"451","GB","2020-09","> 100","> 100"
"452","GB","2020-10","> 100","> 100"
"453","GB","2020-11","> 100","> 100"
"454","GB","2020-12","> 100","> 100"
"455","GB","2021-01","> 100","> 100"
"456","GB","2021-02","> 100","> 100"
"457","GB","2021-03","> 100","> 100"
"458","GB","2021-04","> 100","> 100"
"459","GB","2021-05","> 100","> 100"
"460","GB","2021-06","> 100","> 100"
"461","GB","2021-07","> 100","> 100"
"462","GB","2021-08","> 100","> 100"
"463","GE","2020-09","31 - 40","31 - 40"
"464","GE","2020-10","31 - 40","31 - 40"
"465","GE","2020-11","31 - 40","31 - 40"
"466","GE","2020-12","41 - 50","41 - 50"
"467","GE","2021-01","31 - 40","31 - 40"
"468","GE","2021-02","41 - 50","41 - 50"
"469","GE","2021-03","41 - 50","41 - 50"
"470","GE","2021-04","31 - 40","31 - 40"
"471","GE","2021-05","31 - 40","31 - 40"
"472","GE","2021-06","31 - 40","31 - 40"
"473","GE","2021-07","41 - 50","41 - 50"
"474","GE","2021-08","31 - 40","31 - 40"
"475","GF","2020-09","1 - 10","1 - 10"
"476","GF","2020-12","1 - 10","1 - 10"
"477","GH","2020-09","31 - 40","31 - 40"
"478","GH","2020-10","31 - 40","31 - 40"
"479","GH","2020-11","11 - 20","11 - 20"
"480","GH","2020-12","11 - 20","11 - 20"
"481","GH","2021-01","31 - 40","21 - 30"
"482","GH","2021-02","31 - 40","31 - 40"
"483","GH","2021-03","41 - 50","31 - 40"
"484","GH","2021-04","31 - 40","11 - 20"
"485","GH","2021-05","41 - 50","41 - 50"
"486","GH","2021-06","31 - 40","21 - 30"
"487","GH","2021-07","31 - 40","31 - 40"
"488","GH","2021-08","21 - 30","11 - 20"
"489","GI","2020-09","1 - 10","1 - 10"
"490","GI","2020-10","1 - 10","1 - 10"
"491","GI","2020-11","1 - 10","1 - 10"
"492","GI","2020-12","1 - 10","1 - 10"
"493","GI","2021-01","1 - 10","1 - 10"
"494","GI","2021-02","1 - 10","1 - 10"
"495","GI","2021-03","1 - 10","1 - 10"
"496","GI","2021-04","1 - 10","1 - 10"
"497","GL","2020-11","1 - 10","1 - 10"
"498","GL","2020-12","1 - 10","1 - 10"
"499","GL","2021-01","1 - 10","1 - 10"
"500","GL","2021-02","1 - 10","1 - 10"
"501","GL","2021-03","1 - 10","1 - 10"
"502","GL","2021-04","1 - 10","0"
"503","GL","2021-08","1 - 10","1 - 10"
"504","GN","2020-09","11 - 20","11 - 20"
"505","GN","2020-10","1 - 10","1 - 10"
"506","GN","2020-11","1 - 10","1 - 10"
"507","GN","2020-12","1 - 10","1 - 10"
"508","GN","2021-01","1 - 10","1 - 10"
"509","GN","2021-02","1 - 10","1 - 10"
"510","GN","2021-03","1 - 10","1 - 10"
"511","GN","2021-04","11 - 20","11 - 20"
"512","GN","2021-05","1 - 10","1 - 10"
"513","GN","2021-06","1 - 10","1 - 10"
"514","GN","2021-07","1 - 10","1 - 10"
"515","GN","2021-08","1 - 10","1 - 10"
"516","GP","2020-10","1 - 10","1 - 10"
"517","GP","2020-12","1 - 10","1 - 10"
"518","GP","2021-01","1 - 10","1 - 10"
"519","GP","2021-02","1 - 10","1 - 10"
"520","GP","2021-03","1 - 10","1 - 10"
"521","GP","2021-05","1 - 10","1 - 10"
"522","GP","2021-06","1 - 10","1 - 10"
"523","GP","2021-07","1 - 10","1 - 10"
"524","GP","2021-08","1 - 10","1 - 10"
"525","GR","2020-09","> 100","> 100"
"526","GR","2020-10","> 100","> 100"
"527","GR","2020-11","> 100","> 100"
"528","GR","2020-12","> 100","> 100"
"529","GR","2021-01","> 100","> 100"
"530","GR","2021-02","91 - 100","91 - 100"
"531","GR","2021-03","> 100","> 100"
"532","GR","2021-04","> 100","> 100"
"533","GR","2021-05","> 100","> 100"
"534","GR","2021-06","> 100","> 100"
"535","GR","2021-07","> 100","> 100"
"536","GR","2021-08","> 100","> 100"
"537","GT","2020-09","1 - 10","1 - 10"
"538","GT","2020-10","1 - 10","1 - 10"
"539","GT","2020-11","1 - 10","1 - 10"
"540","GT","2020-12","1 - 10","1 - 10"
"541","GT","2021-01","1 - 10","1 - 10"
"542","GT","2021-02","1 - 10","1 - 10"
"543","GT","2021-03","11 - 20","11 - 20"
"544","GT","2021-04","1 - 10","1 - 10"
"545","GT","2021-05","1 - 10","1 - 10"
"546","GT","2021-06","1 - 10","1 - 10"
"547","GT","2021-07","11 - 20","11 - 20"
"548","GT","2021-08","1 - 10","1 - 10"
"549","GY","2020-12","1 - 10","1 - 10"
"550","HK","2020-09","> 100","> 100"
"551","HK","2020-10","> 100","> 100"
"552","HK","2020-11","> 100","> 100"
"553","HK","2020-12","> 100","> 100"
"554","HK","2021-01","> 100","> 100"
"555","HK","2021-02","> 100","> 100"
"556","HK","2021-03","> 100","> 100"
"557","HK","2021-04","> 100","> 100"
"558","HK","2021-05","> 100","> 100"
"559","HK","2021-06","> 100","> 100"
"560","HK","2021-07","> 100","> 100"
"561","HK","2021-08","> 100","> 100"
"562","HN","2020-09","1 - 10","1 - 10"
"563","HN","2020-10","1 - 10","1 - 10"
"564","HN","2020-11","1 - 10","1 - 10"
"565","HN","2020-12","1 - 10","1 - 10"
"566","HN","2021-01","1 - 10","1 - 10"
"567","HN","2021-02","11 - 20","11 - 20"
"568","HN","2021-03","21 - 30","21 - 30"
"569","HN","2021-04","21 - 30","21 - 30"
"570","HN","2021-05","11 - 20","11 - 20"
"571","HN","2021-06","1 - 10","1 - 10"
"572","HN","2021-07","11 - 20","11 - 20"
"573","HN","2021-08","31 - 40","31 - 40"
"574","HR","2020-09","31 - 40","31 - 40"
"575","HR","2020-10","31 - 40","31 - 40"
"576","HR","2020-11","31 - 40","31 - 40"
"577","HR","2020-12","41 - 50","41 - 50"
"578","HR","2021-01","31 - 40","31 - 40"
"579","HR","2021-02","31 - 40","31 - 40"
"580","HR","2021-03","31 - 40","31 - 40"
"581","HR","2021-04","21 - 30","21 - 30"
"582","HR","2021-05","21 - 30","21 - 30"
"583","HR","2021-06","21 - 30","21 - 30"
"584","HR","2021-07","31 - 40","31 - 40"
"585","HR","2021-08","31 - 40","31 - 40"
"586","HT","2020-09","1 - 10","1 - 10"
"587","HT","2020-10","11 - 20","11 - 20"
"588","HT","2020-11","1 - 10","1 - 10"
"589","HT","2020-12","1 - 10","1 - 10"
"590","HT","2021-01","1 - 10","1 - 10"
"591","HT","2021-02","1 - 10","1 - 10"
"592","HT","2021-03","1 - 10","1 - 10"
"593","HT","2021-04","1 - 10","1 - 10"
"594","HT","2021-05","1 - 10","1 - 10"
"595","HT","2021-06","1 - 10","1 - 10"
"596","HT","2021-07","1 - 10","1 - 10"
"597","HT","2021-08","1 - 10","1 - 10"
"598","HU","2020-09","> 100","> 100"
"599","HU","2020-10","> 100","> 100"
"600","HU","2020-11","> 100","> 100"
"601","HU","2020-12","> 100","> 100"
"602","HU","2021-01","> 100","> 100"
"603","HU","2021-02","> 100","> 100"
"604","HU","2021-03","> 100","> 100"
"605","HU","2021-04","> 100","> 100"
"606","HU","2021-05","> 100","> 100"
"607","HU","2021-06","> 100","> 100"
"608","HU","2021-07","> 100","> 100"
"609","HU","2021-08","> 100","> 100"
"610","ID","2020-09","> 100","> 100"
"611","ID","2020-10","> 100","> 100"
"612","ID","2020-11","> 100","> 100"
"613","ID","2020-12","> 100","> 100"
"614","ID","2021-01","> 100","> 100"
"615","ID","2021-02","> 100","> 100"
"616","ID","2021-03","> 100","> 100"
"617","ID","2021-04","> 100","> 100"
"618","ID","2021-05","> 100","> 100"
"619","ID","2021-06","> 100","> 100"
"620","ID","2021-07","> 100","> 100"
"621","ID","2021-08","> 100","> 100"
"622","IE","2020-09","51 - 60","51 - 60"
"623","IE","2020-10","61 - 70","61 - 70"
"624","IE","2020-11","51 - 60","51 - 60"
"625","IE","2020-12","51 - 60","51 - 60"
"626","IE","2021-01","51 - 60","51 - 60"
"627","IE","2021-02","61 - 70","61 - 70"
"628","IE","2021-03","61 - 70","61 - 70"
"629","IE","2021-04","51 - 60","51 - 60"
"630","IE","2021-05","41 - 50","41 - 50"
"631","IE","2021-06","51 - 60","51 - 60"
"632","IE","2021-07","51 - 60","51 - 60"
"633","IE","2021-08","41 - 50","41 - 50"
"634","IL","2020-09","> 100","> 100"
"635","IL","2020-10","> 100","> 100"
"636","IL","2020-11","> 100","> 100"
"637","IL","2020-12","> 100","> 100"
"638","IL","2021-01","> 100","> 100"
"639","IL","2021-02","> 100","> 100"
"640","IL","2021-03","> 100","> 100"
"641","IL","2021-04","> 100","> 100"
"642","IL","2021-05","> 100","> 100"
"643","IL","2021-06","> 100","> 100"
"644","IL","2021-07","> 100","> 100"
"645","IL","2021-08","> 100","> 100"
"646","IM","2021-03","1 - 10","1 - 10"
"647","IM","2021-04","1 - 10","1 - 10"
"648","IM","2021-05","1 - 10","1 - 10"
"649","IN","2020-09","> 100","> 100"
"650","IN","2020-10","> 100","> 100"
"651","IN","2020-11","> 100","> 100"
"652","IN","2020-12","> 100","> 100"
"653","IN","2021-01","> 100","> 100"
"654","IN","2021-02","> 100","> 100"
"655","IN","2021-03","> 100","> 100"
"656","IN","2021-04","> 100","> 100"
"657","IN","2021-05","> 100","> 100"
"658","IN","2021-06","> 100","> 100"
"659","IN","2021-07","> 100","> 100"
"660","IN","2021-08","> 100","> 100"
"661","IS","2020-09","1 - 10","1 - 10"
"662","IS","2020-10","11 - 20","11 - 20"
"663","IS","2020-11","1 - 10","1 - 10"
"664","IS","2020-12","11 - 20","11 - 20"
"665","IS","2021-01","11 - 20","11 - 20"
"666","IS","2021-02","11 - 20","11 - 20"
"667","IS","2021-03","11 - 20","11 - 20"
"668","IS","2021-04","11 - 20","11 - 20"
"669","IS","2021-05","1 - 10","1 - 10"
"670","IS","2021-06","1 - 10","1 - 10"
"671","IS","2021-07","1 - 10","1 - 10"
"672","IS","2021-08","1 - 10","1 - 10"
"673","IT","2020-09","> 100","> 100"
"674","IT","2020-10","> 100","> 100"
"675","IT","2020-11","> 100","> 100"
"676","IT","2020-12","> 100","> 100"
"677","IT","2021-01","> 100","> 100"
"678","IT","2021-02","> 100","> 100"
"679","IT","2021-03","> 100","> 100"
"680","IT","2021-04","> 100","> 100"
"681","IT","2021-05","> 100","> 100"
"682","IT","2021-06","> 100","> 100"
"683","IT","2021-07","> 100","> 100"
"684","IT","2021-08","> 100","> 100"
"685","JE","2020-09","1 - 10","1 - 10"
"686","JE","2020-10","1 - 10","1 - 10"
"687","JE","2020-11","1 - 10","1 - 10"
"688","JE","2020-12","1 - 10","1 - 10"
"689","JE","2021-01","1 - 10","1 - 10"
"690","JE","2021-02","1 - 10","1 - 10"
"691","JE","2021-03","1 - 10","1 - 10"
"692","JE","2021-04","1 - 10","1 - 10"
"693","JE","2021-05","1 - 10","1 - 10"
"694","JE","2021-06","1 - 10","1 - 10"
"695","JE","2021-07","1 - 10","1 - 10"
"696","JE","2021-08","1 - 10","1 - 10"
"697","JM","2020-09","1 - 10","1 - 10"
"698","JM","2021-07","1 - 10","1 - 10"
"699","JM","2021-08","1 - 10","1 - 10"
"700","JO","2020-09","21 - 30","21 - 30"
"701","JO","2020-10","21 - 30","21 - 30"
"702","JO","2020-11","31 - 40","31 - 40"
"703","JO","2020-12","21 - 30","21 - 30"
"704","JO","2021-01","21 - 30","21 - 30"
"705","JO","2021-02","41 - 50","41 - 50"
"706","JO","2021-03","11 - 20","11 - 20"
"707","JO","2021-04","21 - 30","21 - 30"
"708","JO","2021-05","21 - 30","21 - 30"
"709","JO","2021-06","11 - 20","11 - 20"
"710","JO","2021-07","21 - 30","21 - 30"
"711","JO","2021-08","21 - 30","21 - 30"
"712","JP","2020-09","> 100","> 100"
"713","JP","2020-10","> 100","> 100"
"714","JP","2020-11","> 100","> 100"
"715","JP","2020-12","> 100","> 100"
"716","JP","2021-01","> 100","> 100"
"717","JP","2021-02","> 100","> 100"
"718","JP","2021-03","> 100","> 100"
"719","JP","2021-04","> 100","> 100"
"720","JP","2021-05","> 100","> 100"
"721","JP","2021-06","> 100","> 100"
"722","JP","2021-07","> 100","> 100"
"723","JP","2021-08","> 100","> 100"
"724","KE","2020-09","1 - 10","1 - 10"
"725","KE","2020-10","1 - 10","1 - 10"
"726","KE","2020-11","1 - 10","1 - 10"
"727","KE","2020-12","1 - 10","1 - 10"
"728","KE","2021-01","1 - 10","1 - 10"
"729","KE","2021-02","1 - 10","1 - 10"
"730","KE","2021-03","1 - 10","1 - 10"
"731","KE","2021-04","1 - 10","1 - 10"
"732","KE","2021-05","1 - 10","1 - 10"
"733","KE","2021-06","1 - 10","1 - 10"
"734","KE","2021-07","1 - 10","1 - 10"
"735","KE","2021-08","1 - 10","1 - 10"
"736","KG","2020-09","1 - 10","1 - 10"
"737","KG","2020-10","1 - 10","1 - 10"
"738","KG","2020-11","1 - 10","1 - 10"
"739","KG","2020-12","1 - 10","1 - 10"
"740","KG","2021-01","1 - 10","1 - 10"
"741","KG","2021-02","1 - 10","1 - 10"
"742","KG","2021-03","1 - 10","1 - 10"
"743","KG","2021-04","1 - 10","1 - 10"
"744","KG","2021-05","1 - 10","1 - 10"
"745","KG","2021-06","1 - 10","1 - 10"
"746","KG","2021-08","1 - 10","1 - 10"
"747","KH","2020-09","1 - 10","1 - 10"
"748","KH","2020-10","1 - 10","1 - 10"
"749","KH","2020-11","1 - 10","1 - 10"
"750","KH","2020-12","1 - 10","1 - 10"
"751","KH","2021-01","1 - 10","1 - 10"
"752","KH","2021-02","1 - 10","1 - 10"
"753","KH","2021-03","1 - 10","1 - 10"
"754","KH","2021-04","1 - 10","1 - 10"
"755","KH","2021-05","1 - 10","1 - 10"
"756","KH","2021-06","1 - 10","1 - 10"
"757","KH","2021-07","21 - 30","21 - 30"
"758","KH","2021-08","11 - 20","11 - 20"
"759","KM","2021-01","1 - 10","1 - 10"
"760","KM","2021-02","1 - 10","0"
"761","KR","2020-09","> 100","> 100"
"762","KR","2020-10","> 100","> 100"
"763","KR","2020-11","> 100","> 100"
"764","KR","2020-12","> 100","> 100"
"765","KR","2021-01","> 100","> 100"
"766","KR","2021-02","> 100","> 100"
"767","KR","2021-03","> 100","> 100"
"768","KR","2021-04","> 100","> 100"
"769","KR","2021-05","> 100","> 100"
"770","KR","2021-06","> 100","> 100"
"771","KR","2021-07","> 100","> 100"
"772","KR","2021-08","> 100","> 100"
"773","KW","2020-09","1 - 10","1 - 10"
"774","KW","2020-10","1 - 10","1 - 10"
"775","KW","2020-11","1 - 10","1 - 10"
"776","KW","2020-12","1 - 10","1 - 10"
"777","KW","2021-01","1 - 10","1 - 10"
"778","KW","2021-02","1 - 10","1 - 10"
"779","KW","2021-03","11 - 20","11 - 20"
"780","KW","2021-04","11 - 20","11 - 20"
"781","KW","2021-05","1 - 10","1 - 10"
"782","KW","2021-06","1 - 10","1 - 10"
"783","KW","2021-07","11 - 20","1 - 10"
"784","KW","2021-08","1 - 10","1 - 10"
"785","LB","2020-09","1 - 10","1 - 10"
"786","LB","2020-10","1 - 10","1 - 10"
"787","LB","2020-11","11 - 20","11 - 20"
"788","LB","2020-12","1 - 10","1 - 10"
"789","LB","2021-01","1 - 10","1 - 10"
"790","LB","2021-02","11 - 20","11 - 20"
"791","LB","2021-03","11 - 20","11 - 20"
"792","LB","2021-04","1 - 10","1 - 10"
"793","LB","2021-05","1 - 10","1 - 10"
"794","LB","2021-06","1 - 10","1 - 10"
"795","LB","2021-07","1 - 10","1 - 10"
"796","LB","2021-08","1 - 10","1 - 10"
"797","LC","2020-09","1 - 10","1 - 10"
"798","LC","2020-10","1 - 10","1 - 10"
"799","LC","2020-11","1 - 10","1 - 10"
"800","LC","2020-12","1 - 10","1 - 10"
"801","LC","2021-01","1 - 10","1 - 10"
"802","LC","2021-02","1 - 10","1 - 10"
"803","LC","2021-03","1 - 10","1 - 10"
"804","LC","2021-04","1 - 10","1 - 10"
"805","LC","2021-05","1 - 10","1 - 10"
"806","LC","2021-06","1 - 10","1 - 10"
"807","LC","2021-07","1 - 10","1 - 10"
"808","LC","2021-08","1 - 10","1 - 10"
"809","LI","2020-11","1 - 10","1 - 10"
"810","LK","2020-09","1 - 10","1 - 10"
"811","LK","2020-10","11 - 20","11 - 20"
"812","LK","2020-11","11 - 20","11 - 20"
"813","LK","2020-12","11 - 20","11 - 20"
"814","LK","2021-01","41 - 50","41 - 50"
"815","LK","2021-02","21 - 30","21 - 30"
"816","LK","2021-03","21 - 30","21 - 30"
"817","LK","2021-04","21 - 30","21 - 30"
"818","LK","2021-05","11 - 20","11 - 20"
"819","LK","2021-06","21 - 30","21 - 30"
"820","LK","2021-07","31 - 40","31 - 40"
"821","LK","2021-08","21 - 30","21 - 30"
"822","LR","2020-10","1 - 10","1 - 10"
"823","LR","2020-11","1 - 10","1 - 10"
"824","LR","2021-03","1 - 10","1 - 10"
"825","LR","2021-06","1 - 10","1 - 10"
"826","LT","2020-09","21 - 30","21 - 30"
"827","LT","2020-10","11 - 20","11 - 20"
"828","LT","2020-11","21 - 30","21 - 30"
"829","LT","2020-12","21 - 30","21 - 30"
"830","LT","2021-01","21 - 30","21 - 30"
"831","LT","2021-02","21 - 30","21 - 30"
"832","LT","2021-03","21 - 30","21 - 30"
"833","LT","2021-04","11 - 20","11 - 20"
"834","LT","2021-05","21 - 30","21 - 30"
"835","LT","2021-06","11 - 20","11 - 20"
"836","LT","2021-07","21 - 30","21 - 30"
"837","LT","2021-08","11 - 20","11 - 20"
"838","LU","2020-09","11 - 20","11 - 20"
"839","LU","2020-10","11 - 20","11 - 20"
"840","LU","2020-11","11 - 20","11 - 20"
"841","LU","2020-12","11 - 20","11 - 20"
"842","LU","2021-01","21 - 30","21 - 30"
"843","LU","2021-02","21 - 30","21 - 30"
"844","LU","2021-03","21 - 30","21 - 30"
"845","LU","2021-04","11 - 20","11 - 20"
"846","LU","2021-05","11 - 20","11 - 20"
"847","LU","2021-06","11 - 20","11 - 20"
"848","LU","2021-07","11 - 20","11 - 20"
"849","LU","2021-08","11 - 20","11 - 20"
"850","LV","2020-09","31 - 40","31 - 40"
"851","LV","2020-10","31 - 40","31 - 40"
"852","LV","2020-11","41 - 50","31 - 40"
"853","LV","2020-12","31 - 40","31 - 40"
"854","LV","2021-01","41 - 50","41 - 50"
"855","LV","2021-02","41 - 50","41 - 50"
"856","LV","2021-03","51 - 60","51 - 60"
"857","LV","2021-04","51 - 60","41 - 50"
"858","LV","2021-05","31 - 40","31 - 40"
"859","LV","2021-06","41 - 50","41 - 50"
"860","LV","2021-07","21 - 30","21 - 30"
"861","LV","2021-08","31 - 40","31 - 40"
"862","MA","2020-09","31 - 40","31 - 40"
"863","MA","2020-10","41 - 50","41 - 50"
"864","MA","2020-11","31 - 40","31 - 40"
"865","MA","2020-12","21 - 30","21 - 30"
"866","MA","2021-01","41 - 50","41 - 50"
"867","MA","2021-02","31 - 40","31 - 40"
"868","MA","2021-03","31 - 40","31 - 40"
"869","MA","2021-04","41 - 50","41 - 50"
"870","MA","2021-05","41 - 50","41 - 50"
"871","MA","2021-06","31 - 40","31 - 40"
"872","MA","2021-07","31 - 40","31 - 40"
"873","MA","2021-08","31 - 40","31 - 40"
"874","MC","2020-09","1 - 10","1 - 10"
"875","MC","2021-04","1 - 10","1 - 10"
"876","MC","2021-08","1 - 10","1 - 10"
"877","MD","2020-09","1 - 10","1 - 10"
"878","MD","2020-10","1 - 10","1 - 10"
"879","MD","2020-11","11 - 20","11 - 20"
"880","MD","2020-12","1 - 10","1 - 10"
"881","MD","2021-01","11 - 20","11 - 20"
"882","MD","2021-02","1 - 10","1 - 10"
"883","MD","2021-03","11 - 20","11 - 20"
"884","MD","2021-04","11 - 20","11 - 20"
"885","MD","2021-05","1 - 10","1 - 10"
"886","MD","2021-06","1 - 10","1 - 10"
"887","MD","2021-07","11 - 20","11 - 20"
"888","MD","2021-08","1 - 10","1 - 10"
"889","ME","2020-09","1 - 10","1 - 10"
"890","ME","2020-10","1 - 10","1 - 10"
"891","ME","2020-11","1 - 10","1 - 10"
"892","ME","2020-12","1 - 10","1 - 10"
"893","ME","2021-01","1 - 10","1 - 10"
"894","ME","2021-02","1 - 10","1 - 10"
"895","ME","2021-03","1 - 10","1 - 10"
"896","ME","2021-04","1 - 10","1 - 10"
"897","ME","2021-05","1 - 10","1 - 10"
"898","ME","2021-06","1 - 10","1 - 10"
"899","ME","2021-07","1 - 10","1 - 10"
"900","ME","2021-08","1 - 10","1 - 10"
"901","MG","2020-09","1 - 10","1 - 10"
"902","MG","2020-10","1 - 10","1 - 10"
"903","MG","2020-11","1 - 10","1 - 10"
"904","MG","2020-12","1 - 10","1 - 10"
"905","MG","2021-01","1 - 10","1 - 10"
"906","MG","2021-02","1 - 10","1 - 10"
"907","MG","2021-03","1 - 10","1 - 10"
"908","MG","2021-04","1 - 10","1 - 10"
"909","MG","2021-05","1 - 10","1 - 10"
"910","MG","2021-07","1 - 10","1 - 10"
"911","MG","2021-08","1 - 10","1 - 10"
"912","MK","2020-09","21 - 30","21 - 30"
"913","MK","2020-10","11 - 20","11 - 20"
"914","MK","2020-11","41 - 50","41 - 50"
"915","MK","2020-12","41 - 50","41 - 50"
"916","MK","2021-01","21 - 30","21 - 30"
"917","MK","2021-02","61 - 70","61 - 70"
"918","MK","2021-03","31 - 40","31 - 40"
"919","MK","2021-04","31 - 40","31 - 40"
"920","MK","2021-05","21 - 30","21 - 30"
"921","MK","2021-06","11 - 20","11 - 20"
"922","MK","2021-07","21 - 30","21 - 30"
"923","MK","2021-08","11 - 20","11 - 20"
"924","ML","2020-09","1 - 10","1 - 10"
"925","ML","2020-10","1 - 10","1 - 10"
"926","ML","2020-11","1 - 10","1 - 10"
"927","ML","2020-12","1 - 10","1 - 10"
"928","ML","2021-01","1 - 10","1 - 10"
"929","ML","2021-02","1 - 10","1 - 10"
"930","ML","2021-03","1 - 10","1 - 10"
"931","ML","2021-04","1 - 10","1 - 10"
"932","ML","2021-05","1 - 10","1 - 10"
"933","ML","2021-06","1 - 10","1 - 10"
"934","ML","2021-07","1 - 10","1 - 10"
"935","ML","2021-08","1 - 10","1 - 10"
"936","MN","2020-09","1 - 10","1 - 10"
"937","MN","2020-10","1 - 10","1 - 10"
"938","MN","2020-11","1 - 10","1 - 10"
"939","MN","2020-12","1 - 10","1 - 10"
"940","MN","2021-01","1 - 10","1 - 10"
"941","MN","2021-02","1 - 10","1 - 10"
"942","MN","2021-03","11 - 20","11 - 20"
"943","MN","2021-04","1 - 10","1 - 10"
"944","MN","2021-05","1 - 10","1 - 10"
"945","MN","2021-06","1 - 10","1 - 10"
"946","MN","2021-07","1 - 10","1 - 10"
"947","MN","2021-08","1 - 10","1 - 10"
"948","MO","2020-09","1 - 10","1 - 10"
"949","MO","2020-10","1 - 10","1 - 10"
"950","MO","2020-11","1 - 10","1 - 10"
"951","MO","2020-12","1 - 10","1 - 10"
"952","MO","2021-01","1 - 10","1 - 10"
"953","MO","2021-02","1 - 10","1 - 10"
"954","MO","2021-03","1 - 10","1 - 10"
"955","MO","2021-04","1 - 10","1 - 10"
"956","MO","2021-05","1 - 10","1 - 10"
"957","MO","2021-06","11 - 20","11 - 20"
"958","MO","2021-07","1 - 10","1 - 10"
"959","MO","2021-08","1 - 10","1 - 10"
"960","MQ","2020-10","1 - 10","1 - 10"
"961","MQ","2020-11","1 - 10","1 - 10"
"962","MQ","2020-12","1 - 10","1 - 10"
"963","MQ","2021-06","1 - 10","1 - 10"
"964","MR","2020-09","1 - 10","1 - 10"
"965","MR","2020-10","1 - 10","1 - 10"
"966","MR","2020-11","1 - 10","1 - 10"
"967","MR","2020-12","1 - 10","1 - 10"
"968","MR","2021-01","1 - 10","1 - 10"
"969","MR","2021-02","1 - 10","1 - 10"
"970","MR","2021-03","1 - 10","1 - 10"
"971","MR","2021-06","1 - 10","1 - 10"
"972","MR","2021-08","1 - 10","1 - 10"
"973","MT","2020-09","1 - 10","1 - 10"
"974","MT","2020-10","1 - 10","1 - 10"
"975","MT","2020-11","1 - 10","1 - 10"
"976","MT","2020-12","1 - 10","1 - 10"
"977","MT","2021-01","1 - 10","1 - 10"
"978","MT","2021-02","1 - 10","1 - 10"
"979","MT","2021-03","1 - 10","1 - 10"
"980","MT","2021-04","1 - 10","1 - 10"
"981","MT","2021-05","1 - 10","1 - 10"
"982","MT","2021-06","1 - 10","1 - 10"
"983","MT","2021-07","1 - 10","1 - 10"
"984","MT","2021-08","1 - 10","1 - 10"
"985","MU","2020-10","1 - 10","1 - 10"
"986","MU","2021-04","1 - 10","1 - 10"
"987","MU","2021-05","1 - 10","1 - 10"
"988","MV","2020-09","1 - 10","1 - 10"
"989","MV","2021-01","1 - 10","1 - 10"
"990","MV","2021-02","1 - 10","1 - 10"
"991","MV","2021-03","1 - 10","1 - 10"
"992","MV","2021-05","1 - 10","1 - 10"
"993","MV","2021-06","1 - 10","1 - 10"
"994","MV","2021-07","1 - 10","1 - 10"
"995","MV","2021-08","1 - 10","1 - 10"
"996","MW","2021-03","1 - 10","1 - 10"
"997","MW","2021-04","1 - 10","1 - 10"
"998","MW","2021-06","1 - 10","1 - 10"
"999","MX","2020-09","> 100","> 100"
"1000","MX","2020-10","> 100","> 100"
"1001","MX","2020-11","> 100","> 100"
"1002","MX","2020-12","> 100","> 100"
"1003","MX","2021-01","> 100","> 100"
"1004","MX","2021-02","> 100","> 100"
"1005","MX","2021-03","> 100","> 100"
"1006","MX","2021-04","> 100","> 100"
"1007","MX","2021-05","> 100","> 100"
"1008","MX","2021-06","> 100","> 100"
"1009","MX","2021-07","> 100","> 100"
"1010","MX","2021-08","> 100","> 100"
"1011","MY","2020-09","41 - 50","41 - 50"
"1012","MY","2020-10","41 - 50","41 - 50"
"1013","MY","2020-11","51 - 60","51 - 60"
"1014","MY","2020-12","51 - 60","41 - 50"
"1015","MY","2021-01","51 - 60","51 - 60"
"1016","MY","2021-02","31 - 40","31 - 40"
"1017","MY","2021-03","41 - 50","41 - 50"
"1018","MY","2021-04","51 - 60","51 - 60"
"1019","MY","2021-05","51 - 60","41 - 50"
"1020","MY","2021-06","51 - 60","51 - 60"
"1021","MY","2021-07","61 - 70","61 - 70"
"1022","MY","2021-08","61 - 70","61 - 70"
"1023","MZ","2020-09","1 - 10","1 - 10"
"1024","MZ","2020-10","1 - 10","1 - 10"
"1025","MZ","2020-11","1 - 10","1 - 10"
"1026","MZ","2020-12","1 - 10","1 - 10"
"1027","MZ","2021-04","1 - 10","1 - 10"
"1028","NC","2021-04","1 - 10","1 - 10"
"1029","NE","2020-12","1 - 10","1 - 10"
"1030","NE","2021-04","1 - 10","1 - 10"
"1031","NE","2021-05","1 - 10","1 - 10"
"1032","NG","2020-09","41 - 50","41 - 50"
"1033","NG","2020-10","71 - 80","71 - 80"
"1034","NG","2020-11","91 - 100","91 - 100"
"1035","NG","2020-12","91 - 100","81 - 90"
"1036","NG","2021-01","> 100","> 100"
"1037","NG","2021-02","> 100","> 100"
"1038","NG","2021-03","> 100","> 100"
"1039","NG","2021-04","> 100","> 100"
"1040","NG","2021-05","> 100","> 100"
"1041","NG","2021-06","> 100","> 100"
"1042","NG","2021-07","> 100","> 100"
"1043","NG","2021-08","> 100","> 100"
"1044","NI","2020-09","1 - 10","1 - 10"
"1045","NI","2020-10","1 - 10","1 - 10"
"1046","NI","2020-11","1 - 10","1 - 10"
"1047","NI","2020-12","1 - 10","1 - 10"
"1048","NI","2021-01","1 - 10","1 - 10"
"1049","NI","2021-02","1 - 10","1 - 10"
"1050","NI","2021-03","1 - 10","1 - 10"
"1051","NI","2021-04","1 - 10","1 - 10"
"1052","NI","2021-05","1 - 10","1 - 10"
"1053","NI","2021-06","1 - 10","1 - 10"
"1054","NI","2021-07","1 - 10","1 - 10"
"1055","NI","2021-08","1 - 10","1 - 10"
"1056","NL","2020-09","> 100","> 100"
"1057","NL","2020-10","> 100","> 100"
"1058","NL","2020-11","> 100","> 100"
"1059","NL","2020-12","> 100","> 100"
"1060","NL","2021-01","> 100","> 100"
"1061","NL","2021-02","> 100","> 100"
"1062","NL","2021-03","> 100","> 100"
"1063","NL","2021-04","> 100","> 100"
"1064","NL","2021-05","> 100","> 100"
"1065","NL","2021-06","> 100","> 100"
"1066","NL","2021-07","> 100","> 100"
"1067","NL","2021-08","> 100","> 100"
"1068","NO","2020-09","> 100","> 100"
"1069","NO","2020-10","> 100","> 100"
"1070","NO","2020-11","> 100","> 100"
"1071","NO","2020-12","> 100","> 100"
"1072","NO","2021-01","> 100","> 100"
"1073","NO","2021-02","> 100","> 100"
"1074","NO","2021-03","> 100","> 100"
"1075","NO","2021-04","> 100","> 100"
"1076","NO","2021-05","> 100","> 100"
"1077","NO","2021-06","> 100","> 100"
"1078","NO","2021-07","> 100","> 100"
"1079","NO","2021-08","> 100","> 100"
"1080","NP","2020-09","11 - 20","11 - 20"
"1081","NP","2020-10","11 - 20","11 - 20"
"1082","NP","2020-11","11 - 20","1 - 10"
"1083","NP","2020-12","11 - 20","11 - 20"
"1084","NP","2021-01","11 - 20","11 - 20"
"1085","NP","2021-02","1 - 10","1 - 10"
"1086","NP","2021-03","11 - 20","11 - 20"
"1087","NP","2021-04","11 - 20","11 - 20"
"1088","NP","2021-05","21 - 30","11 - 20"
"1089","NP","2021-06","11 - 20","11 - 20"
"1090","NP","2021-07","11 - 20","11 - 20"
"1091","NP","2021-08","11 - 20","11 - 20"
"1092","NZ","2020-09","41 - 50","41 - 50"
"1093","NZ","2020-10","51 - 60","51 - 60"
"1094","NZ","2020-11","41 - 50","41 - 50"
"1095","NZ","2020-12","31 - 40","31 - 40"
"1096","NZ","2021-01","21 - 30","21 - 30"
"1097","NZ","2021-02","21 - 30","21 - 30"
"1098","NZ","2021-03","41 - 50","41 - 50"
"1099","NZ","2021-04","41 - 50","41 - 50"
"1100","NZ","2021-05","31 - 40","31 - 40"
"1101","NZ","2021-06","31 - 40","31 - 40"
"1102","NZ","2021-07","41 - 50","41 - 50"
"1103","NZ","2021-08","31 - 40","31 - 40"
"1104","OM","2020-09","1 - 10","1 - 10"
"1105","OM","2020-10","1 - 10","1 - 10"
"1106","OM","2020-11","1 - 10","1 - 10"
"1107","OM","2020-12","1 - 10","1 - 10"
"1108","OM","2021-01","1 - 10","1 - 10"
"1109","OM","2021-02","1 - 10","1 - 10"
"1110","OM","2021-03","1 - 10","1 - 10"
"1111","OM","2021-04","1 - 10","1 - 10"
"1112","OM","2021-05","1 - 10","1 - 10"
"1113","OM","2021-06","1 - 10","1 - 10"
"1114","OM","2021-07","1 - 10","1 - 10"
"1115","OM","2021-08","1 - 10","1 - 10"
"1116","PA","2020-09","1 - 10","1 - 10"
"1117","PA","2020-10","1 - 10","1 - 10"
"1118","PA","2020-11","1 - 10","1 - 10"
"1119","PA","2020-12","1 - 10","1 - 10"
"1120","PA","2021-01","1 - 10","1 - 10"
"1121","PA","2021-02","1 - 10","1 - 10"
"1122","PA","2021-03","1 - 10","1 - 10"
"1123","PA","2021-04","1 - 10","1 - 10"
"1124","PA","2021-05","1 - 10","1 - 10"
"1125","PA","2021-06","1 - 10","1 - 10"
"1126","PA","2021-07","1 - 10","1 - 10"
"1127","PA","2021-08","1 - 10","1 - 10"
"1128","PE","2020-09","81 - 90","81 - 90"
"1129","PE","2020-10","71 - 80","71 - 80"
"1130","PE","2020-11","81 - 90","81 - 90"
"1131","PE","2020-12","71 - 80","71 - 80"
"1132","PE","2021-01","61 - 70","61 - 70"
"1133","PE","2021-02","61 - 70","61 - 70"
"1134","PE","2021-03","61 - 70","61 - 70"
"1135","PE","2021-04","71 - 80","71 - 80"
"1136","PE","2021-05","91 - 100","91 - 100"
"1137","PE","2021-06","91 - 100","91 - 100"
"1138","PE","2021-07","> 100","> 100"
"1139","PE","2021-08","91 - 100","91 - 100"
"1140","PF","2020-09","1 - 10","1 - 10"
"1141","PF","2020-10","1 - 10","1 - 10"
"1142","PG","2021-01","1 - 10","1 - 10"
"1143","PG","2021-03","1 - 10","1 - 10"
"1144","PH","2020-09","41 - 50","41 - 50"
"1145","PH","2020-10","41 - 50","41 - 50"
"1146","PH","2020-11","51 - 60","51 - 60"
"1147","PH","2020-12","41 - 50","41 - 50"
"1148","PH","2021-01","71 - 80","71 - 80"
"1149","PH","2021-02","51 - 60","51 - 60"
"1150","PH","2021-03","81 - 90","81 - 90"
"1151","PH","2021-04","91 - 100","91 - 100"
"1152","PH","2021-05","81 - 90","81 - 90"
"1153","PH","2021-06","61 - 70","61 - 70"
"1154","PH","2021-07","71 - 80","71 - 80"
"1155","PH","2021-08","81 - 90","81 - 90"
"1156","PL","2020-09","> 100","> 100"
"1157","PL","2020-10","> 100","> 100"
"1158","PL","2020-11","> 100","> 100"
"1159","PL","2020-12","> 100","> 100"
"1160","PL","2021-01","> 100","> 100"
"1161","PL","2021-02","> 100","> 100"
"1162","PL","2021-03","> 100","> 100"
"1163","PL","2021-04","> 100","> 100"
"1164","PL","2021-05","> 100","> 100"
"1165","PL","2021-06","> 100","> 100"
"1166","PL","2021-07","> 100","> 100"
"1167","PL","2021-08","> 100","> 100"
"1168","PR","2020-09","1 - 10","1 - 10"
"1169","PR","2020-10","1 - 10","1 - 10"
"1170","PR","2020-11","1 - 10","1 - 10"
"1171","PR","2020-12","1 - 10","1 - 10"
"1172","PR","2021-01","1 - 10","1 - 10"
"1173","PR","2021-02","1 - 10","1 - 10"
"1174","PR","2021-03","1 - 10","1 - 10"
"1175","PR","2021-04","1 - 10","1 - 10"
"1176","PR","2021-05","1 - 10","1 - 10"
"1177","PR","2021-06","1 - 10","1 - 10"
"1178","PR","2021-07","1 - 10","1 - 10"
"1179","PR","2021-08","1 - 10","1 - 10"
"1180","PS","2020-09","1 - 10","1 - 10"
"1181","PS","2020-10","1 - 10","1 - 10"
"1182","PS","2020-11","1 - 10","1 - 10"
"1183","PS","2020-12","11 - 20","11 - 20"
"1184","PS","2021-01","21 - 30","21 - 30"
"1185","PS","2021-02","1 - 10","1 - 10"
"1186","PS","2021-03","1 - 10","1 - 10"
"1187","PS","2021-04","1 - 10","1 - 10"
"1188","PS","2021-05","11 - 20","11 - 20"
"1189","PS","2021-06","11 - 20","11 - 20"
"1190","PS","2021-07","1 - 10","1 - 10"
"1191","PS","2021-08","11 - 20","11 - 20"
"1192","PT","2020-09","61 - 70","61 - 70"
"1193","PT","2020-10","61 - 70","61 - 70"
"1194","PT","2020-11","71 - 80","61 - 70"
"1195","PT","2020-12","61 - 70","61 - 70"
"1196","PT","2021-01","71 - 80","61 - 70"
"1197","PT","2021-02","71 - 80","61 - 70"
"1198","PT","2021-03","61 - 70","61 - 70"
"1199","PT","2021-04","71 - 80","71 - 80"
"1200","PT","2021-05","61 - 70","61 - 70"
"1201","PT","2021-06","71 - 80","71 - 80"
"1202","PT","2021-07","51 - 60","51 - 60"
"1203","PT","2021-08","61 - 70","61 - 70"
"1204","PY","2020-09","1 - 10","1 - 10"
"1205","PY","2020-10","11 - 20","11 - 20"
"1206","PY","2020-11","11 - 20","11 - 20"
"1207","PY","2020-12","11 - 20","11 - 20"
"1208","PY","2021-01","1 - 10","1 - 10"
"1209","PY","2021-02","1 - 10","1 - 10"
"1210","PY","2021-03","1 - 10","1 - 10"
"1211","PY","2021-04","1 - 10","1 - 10"
"1212","PY","2021-05","1 - 10","1 - 10"
"1213","PY","2021-06","1 - 10","1 - 10"
"1214","PY","2021-07","1 - 10","1 - 10"
"1215","PY","2021-08","1 - 10","1 - 10"
"1216","QA","2020-09","1 - 10","1 - 10"
"1217","QA","2020-10","1 - 10","1 - 10"
"1218","QA","2020-11","1 - 10","1 - 10"
"1219","QA","2020-12","1 - 10","1 - 10"
"1220","QA","2021-01","1 - 10","1 - 10"
"1221","QA","2021-02","1 - 10","1 - 10"
"1222","QA","2021-03","11 - 20","11 - 20"
"1223","QA","2021-04","1 - 10","1 - 10"
"1224","QA","2021-05","1 - 10","1 - 10"
"1225","QA","2021-06","1 - 10","1 - 10"
"1226","QA","2021-07","1 - 10","1 - 10"
"1227","QA","2021-08","1 - 10","1 - 10"
"1228","RE","2020-09","1 - 10","1 - 10"
"1229","RE","2020-10","1 - 10","1 - 10"
"1230","RE","2020-11","1 - 10","1 - 10"
"1231","RE","2020-12","1 - 10","1 - 10"
"1232","RE","2021-01","1 - 10","1 - 10"
"1233","RE","2021-02","1 - 10","1 - 10"
"1234","RE","2021-03","1 - 10","1 - 10"
"1235","RE","2021-04","1 - 10","1 - 10"
"1236","RE","2021-05","1 - 10","1 - 10"
"1237","RE","2021-06","1 - 10","1 - 10"
"1238","RE","2021-07","1 - 10","1 - 10"
"1239","RE","2021-08","1 - 10","1 - 10"
"1240","RO","2020-09","71 - 80","71 - 80"
"1241","RO","2020-10","71 - 80","71 - 80"
"1242","RO","2020-11","> 100","91 - 100"
"1243","RO","2020-12","81 - 90","81 - 90"
"1244","RO","2021-01","> 100","> 100"
"1245","RO","2021-02","71 - 80","71 - 80"
"1246","RO","2021-03","91 - 100","91 - 100"
"1247","RO","2021-04","61 - 70","61 - 70"
"1248","RO","2021-05","71 - 80","71 - 80"
"1249","RO","2021-06","81 - 90","81 - 90"
"1250","RO","2021-07","61 - 70","61 - 70"
"1251","RO","2021-08","91 - 100","91 - 100"
"1252","RS","2020-09","41 - 50","41 - 50"
"1253","RS","2020-10","31 - 40","31 - 40"
"1254","RS","2020-11","41 - 50","41 - 50"
"1255","RS","2020-12","51 - 60","51 - 60"
"1256","RS","2021-01","51 - 60","51 - 60"
"1257","RS","2021-02","51 - 60","51 - 60"
"1258","RS","2021-03","71 - 80","71 - 80"
"1259","RS","2021-04","51 - 60","51 - 60"
"1260","RS","2021-05","61 - 70","61 - 70"
"1261","RS","2021-06","71 - 80","71 - 80"
"1262","RS","2021-07","41 - 50","41 - 50"
"1263","RS","2021-08","31 - 40","31 - 40"
"1264","SE","2020-09","> 100","> 100"
"1265","SE","2020-10","> 100","> 100"
"1266","SE","2020-11","> 100","> 100"
"1267","SE","2020-12","> 100","> 100"
"1268","SE","2021-01","> 100","> 100"
"1269","SE","2021-02","> 100","> 100"
"1270","SE","2021-03","> 100","> 100"
"1271","SE","2021-04","> 100","> 100"
"1272","SE","2021-05","> 100","> 100"
"1273","SE","2021-06","> 100","> 100"
"1274","SE","2021-07","> 100","> 100"
"1275","SE","2021-08","> 100","> 100"
"1276","SI","2020-09","21 - 30","21 - 30"
"1277","SI","2020-10","31 - 40","31 - 40"
"1278","SI","2020-11","31 - 40","21 - 30"
"1279","SI","2020-12","31 - 40","31 - 40"
"1280","SI","2021-01","31 - 40","31 - 40"
"1281","SI","2021-02","41 - 50","41 - 50"
"1282","SI","2021-03","41 - 50","41 - 50"
"1283","SI","2021-04","31 - 40","31 - 40"
"1284","SI","2021-05","31 - 40","31 - 40"
"1285","SI","2021-06","21 - 30","21 - 30"
"1286","SI","2021-07","21 - 30","21 - 30"
"1287","SI","2021-08","31 - 40","31 - 40"
"1288","SK","2020-09","21 - 30","21 - 30"
"1289","SK","2020-10","31 - 40","31 - 40"
"1290","SK","2020-11","31 - 40","31 - 40"
"1291","SK","2020-12","41 - 50","41 - 50"
"1292","SK","2021-01","31 - 40","31 - 40"
"1293","SK","2021-02","41 - 50","31 - 40"
"1294","SK","2021-03","41 - 50","41 - 50"
"1295","SK","2021-04","21 - 30","21 - 30"
"1296","SK","2021-05","21 - 30","21 - 30"
"1297","SK","2021-06","21 - 30","21 - 30"
"1298","SK","2021-07","21 - 30","21 - 30"
"1299","SK","2021-08","21 - 30","21 - 30"
"1300","SL","2021-03","1 - 10","1 - 10"
"1301","SM","2020-09","1 - 10","1 - 10"
"1302","SM","2020-10","1 - 10","1 - 10"
"1303","SM","2020-11","1 - 10","1 - 10"
"1304","SM","2020-12","1 - 10","1 - 10"
"1305","SM","2021-01","1 - 10","1 - 10"
"1306","SM","2021-02","1 - 10","1 - 10"
"1307","SM","2021-03","1 - 10","1 - 10"
"1308","SM","2021-04","1 - 10","1 - 10"
"1309","SM","2021-05","1 - 10","1 - 10"
"1310","SN","2020-12","1 - 10","1 - 10"
"1311","SN","2021-01","1 - 10","1 - 10"
"1312","SN","2021-03","1 - 10","1 - 10"
"1313","SN","2021-05","1 - 10","1 - 10"
"1314","SN","2021-08","1 - 10","1 - 10"
"1315","SR","2021-05","1 - 10","1 - 10"
"1316","SR","2021-06","1 - 10","1 - 10"
"1317","SV","2020-09","1 - 10","1 - 10"
"1318","SV","2020-10","1 - 10","1 - 10"
"1319","SV","2020-11","1 - 10","1 - 10"
"1320","SV","2020-12","1 - 10","1 - 10"
"1321","SV","2021-01","1 - 10","1 - 10"
"1322","SV","2021-02","1 - 10","1 - 10"
"1323","SV","2021-03","1 - 10","1 - 10"
"1324","SV","2021-04","1 - 10","1 - 10"
"1325","SV","2021-05","11 - 20","11 - 20"
"1326","SV","2021-06","1 - 10","1 - 10"
"1327","SV","2021-07","1 - 10","1 - 10"
"1328","SV","2021-08","1 - 10","1 - 10"
"1329","SZ","2021-01","1 - 10","0"
"1330","TC","2021-03","1 - 10","1 - 10"
"1331","TC","2021-07","1 - 10","1 - 10"
"1332","TG","2021-05","1 - 10","1 - 10"
"1333","TL","2021-08","1 - 10","1 - 10"
"1334","TN","2020-09","11 - 20","11 - 20"
"1335","TN","2020-10","11 - 20","11 - 20"
"1336","TN","2020-11","11 - 20","11 - 20"
"1337","TN","2020-12","11 - 20","11 - 20"
"1338","TN","2021-01","1 - 10","1 - 10"
"1339","TN","2021-02","1 - 10","1 - 10"
"1340","TN","2021-03","11 - 20","11 - 20"
"1341","TN","2021-04","1 - 10","1 - 10"
"1342","TN","2021-05","21 - 30","21 - 30"
"1343","TN","2021-06","11 - 20","11 - 20"
"1344","TN","2021-07","11 - 20","11 - 20"
"1345","TN","2021-08","1 - 10","1 - 10"
"1346","TT","2020-09","1 - 10","1 - 10"
"1347","TT","2020-10","1 - 10","1 - 10"
"1348","TT","2020-11","1 - 10","1 - 10"
"1349","TT","2020-12","1 - 10","1 - 10"
"1350","TT","2021-04","1 - 10","1 - 10"
"1351","TW","2020-09","> 100","> 100"
"1352","TW","2020-10","> 100","> 100"
"1353","TW","2020-11","> 100","> 100"
"1354","TW","2020-12","> 100","> 100"
"1355","TW","2021-01","> 100","> 100"
"1356","TW","2021-02","> 100","> 100"
"1357","TW","2021-03","> 100","> 100"
"1358","TW","2021-04","> 100","> 100"
"1359","TW","2021-05","> 100","> 100"
"1360","TW","2021-06","> 100","> 100"
"1361","TW","2021-07","> 100","> 100"
"1362","TW","2021-08","> 100","> 100"
"1363","TZ","2020-09","1 - 10","1 - 10"
"1364","TZ","2020-10","11 - 20","11 - 20"
"1365","TZ","2020-11","1 - 10","1 - 10"
"1366","TZ","2020-12","1 - 10","1 - 10"
"1367","TZ","2021-01","21 - 30","21 - 30"
"1368","TZ","2021-02","1 - 10","1 - 10"
"1369","TZ","2021-03","11 - 20","11 - 20"
"1370","TZ","2021-04","11 - 20","11 - 20"
"1371","TZ","2021-05","21 - 30","21 - 30"
"1372","TZ","2021-06","21 - 30","21 - 30"
"1373","TZ","2021-07","11 - 20","11 - 20"
"1374","TZ","2021-08","1 - 10","1 - 10"
"1375","UA","2020-09","> 100","> 100"
"1376","UA","2020-10","> 100","> 100"
"1377","UA","2020-11","> 100","> 100"
"1378","UA","2020-12","> 100","> 100"
"1379","UA","2021-01","> 100","> 100"
"1380","UA","2021-02","> 100","> 100"
"1381","UA","2021-03","> 100","> 100"
"1382","UA","2021-04","> 100","> 100"
"1383","UA","2021-05","> 100","> 100"
"1384","UA","2021-06","> 100","> 100"
"1385","UA","2021-07","> 100","> 100"
"1386","UA","2021-08","> 100","> 100"
"1387","UG","2020-09","11 - 20","11 - 20"
"1388","UG","2020-10","1 - 10","1 - 10"
"1389","UG","2020-11","1 - 10","1 - 10"
"1390","UG","2020-12","1 - 10","1 - 10"
"1391","UG","2021-01","1 - 10","1 - 10"
"1392","UG","2021-02","1 - 10","1 - 10"
"1393","UG","2021-03","11 - 20","11 - 20"
"1394","UG","2021-04","31 - 40","31 - 40"
"1395","UG","2021-05","11 - 20","11 - 20"
"1396","UG","2021-06","11 - 20","11 - 20"
"1397","UG","2021-07","1 - 10","1 - 10"
"1398","UG","2021-08","1 - 10","1 - 10"
"1399","US","2020-09","> 100","> 100"
"1400","US","2020-10","> 100","> 100"
"1401","US","2020-11","> 100","> 100"
"1402","US","2020-12","> 100","> 100"
"1403","US","2021-01","> 100","> 100"
"1404","US","2021-02","> 100","> 100"
"1405","US","2021-03","> 100","> 100"
"1406","US","2021-04","> 100","> 100"
"1407","US","2021-05","> 100","> 100"
"1408","US","2021-06","> 100","> 100"
"1409","US","2021-07","> 100","> 100"
"1410","US","2021-08","> 100","> 100"
"1411","UY","2020-09","41 - 50","41 - 50"
"1412","UY","2020-10","51 - 60","51 - 60"
"1413","UY","2020-11","31 - 40","31 - 40"
"1414","UY","2020-12","31 - 40","31 - 40"
"1415","UY","2021-01","21 - 30","21 - 30"
"1416","UY","2021-02","21 - 30","21 - 30"
"1417","UY","2021-03","21 - 30","21 - 30"
"1418","UY","2021-04","31 - 40","31 - 40"
"1419","UY","2021-05","21 - 30","21 - 30"
"1420","UY","2021-06","41 - 50","41 - 50"
"1421","UY","2021-07","31 - 40","31 - 40"
"1422","UY","2021-08","41 - 50","41 - 50"
"1423","XK","2020-09","1 - 10","1 - 10"
"1424","XK","2021-01","1 - 10","1 - 10"
"1425","XK","2021-02","1 - 10","1 - 10"
"1426","XK","2021-03","1 - 10","1 - 10"
"1427","XK","2021-04","1 - 10","1 - 10"
"1428","XK","2021-05","1 - 10","1 - 10"
"1429","XK","2021-06","1 - 10","1 - 10"
"1430","XK","2021-07","1 - 10","1 - 10"
"1431","XK","2021-08","1 - 10","1 - 10"
"1432","ZA","2020-09","31 - 40","31 - 40"
"1433","ZA","2020-10","31 - 40","21 - 30"
"1434","ZA","2020-11","31 - 40","31 - 40"
"1435","ZA","2020-12","21 - 30","21 - 30"
"1436","ZA","2021-01","31 - 40","31 - 40"
"1437","ZA","2021-02","31 - 40","31 - 40"
"1438","ZA","2021-03","21 - 30","21 - 30"
"1439","ZA","2021-04","21 - 30","11 - 20"
"1440","ZA","2021-05","21 - 30","21 - 30"
"1441","ZA","2021-06","31 - 40","31 - 40"
"1442","ZA","2021-07","21 - 30","21 - 30"
"1443","ZA","2021-08","41 - 50","31 - 40"
"1444","ZM","2020-10","1 - 10","1 - 10"
"1445","ZM","2020-12","1 - 10","1 - 10"
"1446","ZM","2021-01","1 - 10","1 - 10"
"1447","ZM","2021-03","1 - 10","1 - 10"
"1448","ZM","2021-04","1 - 10","1 - 10"
"1449","ZM","2021-05","1 - 10","1 - 10"
"1450","ZM","2021-06","1 - 10","1 - 10"
"1451","ZM","2021-07","1 - 10","1 - 10"
"1452","ZM","2021-08","1 - 10","1 - 10"
"1453","ZW","2020-09","1 - 10","1 - 10"
"1454","ZW","2020-10","1 - 10","1 - 10"
"1455","ZW","2020-11","1 - 10","1 - 10"
"1456","ZW","2020-12","1 - 10","1 - 10"
"1457","ZW","2021-01","1 - 10","1 - 10"
"1458","ZW","2021-02","1 - 10","1 - 10"
"1459","ZW","2021-03","1 - 10","1 - 10"
"1460","ZW","2021-04","11 - 20","11 - 20"
"1461","ZW","2021-05","11 - 20","11 - 20"
"1462","ZW","2021-06","1 - 10","1 - 10"
"1463","ZW","2021-07","1 - 10","1 - 10"
"1464","ZW","2021-08","1 - 10","1 - 10"
