"","country_code","month","edits","edits_ns0"
"1","AD","2020-09","1 - 100","1 - 100"
"2","AD","2020-10","1 - 100","1 - 100"
"3","AD","2020-11","101 - 200","101 - 200"
"4","AD","2020-12","1 - 100","1 - 100"
"5","AD","2021-01","1 - 100","1 - 100"
"6","AD","2021-02","1 - 100","1 - 100"
"7","AD","2021-03","1 - 100","1 - 100"
"8","AD","2021-04","1 - 100","1 - 100"
"9","AD","2021-05","1 - 100","1 - 100"
"10","AD","2021-06","1 - 100","1 - 100"
"11","AD","2021-07","1 - 100","1 - 100"
"12","AD","2021-08","1 - 100","1 - 100"
"13","AF","2020-09","101 - 200","101 - 200"
"14","AF","2020-10","1 - 100","1 - 100"
"15","AF","2020-11","1 - 100","1 - 100"
"16","AF","2020-12","1 - 100","1 - 100"
"17","AF","2021-01","1 - 100","1 - 100"
"18","AF","2021-02","1 - 100","1 - 100"
"19","AF","2021-03","1 - 100","1 - 100"
"20","AF","2021-04","1 - 100","1 - 100"
"21","AF","2021-05","1 - 100","1 - 100"
"22","AF","2021-06","1 - 100","1 - 100"
"23","AF","2021-07","1 - 100","1 - 100"
"24","AF","2021-08","1 - 100","1 - 100"
"25","AG","2020-12","1 - 100","1 - 100"
"26","AG","2021-05","1 - 100","1 - 100"
"27","AI","2020-10","1 - 100","1 - 100"
"28","AI","2021-05","1 - 100","1 - 100"
"29","AL","2020-09","101 - 200","101 - 200"
"30","AL","2020-10","101 - 200","101 - 200"
"31","AL","2020-11","201 - 300","201 - 300"
"32","AL","2020-12","101 - 200","101 - 200"
"33","AL","2021-01","501 - 600","501 - 600"
"34","AL","2021-02","101 - 200","101 - 200"
"35","AL","2021-03","201 - 300","201 - 300"
"36","AL","2021-04","201 - 300","201 - 300"
"37","AL","2021-05","101 - 200","101 - 200"
"38","AL","2021-06","201 - 300","201 - 300"
"39","AL","2021-07","101 - 200","1 - 100"
"40","AL","2021-08","101 - 200","101 - 200"
"41","AM","2020-09","> 1000","> 1000"
"42","AM","2020-10","> 1000","> 1000"
"43","AM","2020-11","> 1000","> 1000"
"44","AM","2020-12","> 1000","> 1000"
"45","AM","2021-01","> 1000","> 1000"
"46","AM","2021-02","> 1000","> 1000"
"47","AM","2021-03","> 1000","> 1000"
"48","AM","2021-04","> 1000","> 1000"
"49","AM","2021-05","> 1000","> 1000"
"50","AM","2021-06","> 1000","> 1000"
"51","AM","2021-07","> 1000","> 1000"
"52","AM","2021-08","> 1000","> 1000"
"53","AO","2020-09","1 - 100","1 - 100"
"54","AO","2020-10","1 - 100","1 - 100"
"55","AO","2020-11","1 - 100","1 - 100"
"56","AO","2020-12","1 - 100","1 - 100"
"57","AO","2021-01","1 - 100","1 - 100"
"58","AO","2021-02","1 - 100","1 - 100"
"59","AO","2021-03","1 - 100","1 - 100"
"60","AO","2021-04","1 - 100","1 - 100"
"61","AO","2021-05","1 - 100","1 - 100"
"62","AO","2021-06","1 - 100","1 - 100"
"63","AO","2021-07","101 - 200","101 - 200"
"64","AO","2021-08","1 - 100","1 - 100"
"65","AR","2020-09","> 1000","> 1000"
"66","AR","2020-10","> 1000","> 1000"
"67","AR","2020-11","> 1000","> 1000"
"68","AR","2020-12","> 1000","> 1000"
"69","AR","2021-01","> 1000","> 1000"
"70","AR","2021-02","> 1000","> 1000"
"71","AR","2021-03","> 1000","> 1000"
"72","AR","2021-04","> 1000","> 1000"
"73","AR","2021-05","> 1000","> 1000"
"74","AR","2021-06","> 1000","> 1000"
"75","AR","2021-07","> 1000","> 1000"
"76","AR","2021-08","> 1000","> 1000"
"77","AT","2020-09","> 1000","> 1000"
"78","AT","2020-10","> 1000","> 1000"
"79","AT","2020-11","> 1000","> 1000"
"80","AT","2020-12","> 1000","> 1000"
"81","AT","2021-01","> 1000","> 1000"
"82","AT","2021-02","> 1000","> 1000"
"83","AT","2021-03","> 1000","> 1000"
"84","AT","2021-04","> 1000","> 1000"
"85","AT","2021-05","> 1000","> 1000"
"86","AT","2021-06","> 1000","> 1000"
"87","AT","2021-07","> 1000","> 1000"
"88","AT","2021-08","> 1000","> 1000"
"89","AU","2020-09","> 1000","> 1000"
"90","AU","2020-10","> 1000","> 1000"
"91","AU","2020-11","> 1000","> 1000"
"92","AU","2020-12","> 1000","> 1000"
"93","AU","2021-01","> 1000","> 1000"
"94","AU","2021-02","> 1000","> 1000"
"95","AU","2021-03","> 1000","> 1000"
"96","AU","2021-04","> 1000","> 1000"
"97","AU","2021-05","> 1000","> 1000"
"98","AU","2021-06","> 1000","> 1000"
"99","AU","2021-07","> 1000","> 1000"
"100","AU","2021-08","> 1000","> 1000"
"101","AW","2020-09","1 - 100","1 - 100"
"102","AW","2020-12","1 - 100","1 - 100"
"103","AW","2021-01","1 - 100","1 - 100"
"104","AW","2021-05","1 - 100","1 - 100"
"105","AW","2021-06","101 - 200","101 - 200"
"106","AX","2020-09","1 - 100","0"
"107","AX","2021-01","1 - 100","1 - 100"
"108","AX","2021-03","1 - 100","1 - 100"
"109","AX","2021-05","1 - 100","1 - 100"
"110","BA","2020-09","> 1000","> 1000"
"111","BA","2020-10","> 1000","> 1000"
"112","BA","2020-11","> 1000","> 1000"
"113","BA","2020-12","> 1000","> 1000"
"114","BA","2021-01","> 1000","> 1000"
"115","BA","2021-02","> 1000","> 1000"
"116","BA","2021-03","> 1000","> 1000"
"117","BA","2021-04","> 1000","> 1000"
"118","BA","2021-05","> 1000","> 1000"
"119","BA","2021-06","> 1000","> 1000"
"120","BA","2021-07","> 1000","> 1000"
"121","BA","2021-08","> 1000","> 1000"
"122","BB","2020-09","1 - 100","1 - 100"
"123","BB","2020-10","1 - 100","1 - 100"
"124","BB","2021-01","1 - 100","1 - 100"
"125","BB","2021-02","1 - 100","1 - 100"
"126","BB","2021-03","1 - 100","1 - 100"
"127","BB","2021-06","1 - 100","1 - 100"
"128","BD","2020-09","> 1000","> 1000"
"129","BD","2020-10","> 1000","> 1000"
"130","BD","2020-11","> 1000","> 1000"
"131","BD","2020-12","> 1000","> 1000"
"132","BD","2021-01","> 1000","> 1000"
"133","BD","2021-02","> 1000","> 1000"
"134","BD","2021-03","> 1000","> 1000"
"135","BD","2021-04","> 1000","> 1000"
"136","BD","2021-05","> 1000","> 1000"
"137","BD","2021-06","> 1000","> 1000"
"138","BD","2021-07","> 1000","> 1000"
"139","BD","2021-08","> 1000","> 1000"
"140","BE","2020-09","> 1000","> 1000"
"141","BE","2020-10","> 1000","> 1000"
"142","BE","2020-11","> 1000","> 1000"
"143","BE","2020-12","> 1000","> 1000"
"144","BE","2021-01","> 1000","> 1000"
"145","BE","2021-02","> 1000","> 1000"
"146","BE","2021-03","> 1000","> 1000"
"147","BE","2021-04","> 1000","> 1000"
"148","BE","2021-05","> 1000","> 1000"
"149","BE","2021-06","> 1000","> 1000"
"150","BE","2021-07","> 1000","> 1000"
"151","BE","2021-08","> 1000","> 1000"
"152","BF","2020-09","1 - 100","1 - 100"
"153","BF","2020-10","1 - 100","1 - 100"
"154","BF","2020-11","1 - 100","1 - 100"
"155","BF","2020-12","1 - 100","1 - 100"
"156","BF","2021-01","1 - 100","1 - 100"
"157","BF","2021-02","1 - 100","1 - 100"
"158","BF","2021-03","1 - 100","1 - 100"
"159","BF","2021-04","1 - 100","1 - 100"
"160","BF","2021-05","1 - 100","1 - 100"
"161","BF","2021-06","1 - 100","1 - 100"
"162","BF","2021-07","1 - 100","1 - 100"
"163","BF","2021-08","1 - 100","1 - 100"
"164","BG","2020-09","> 1000","> 1000"
"165","BG","2020-10","> 1000","> 1000"
"166","BG","2020-11","> 1000","> 1000"
"167","BG","2020-12","> 1000","> 1000"
"168","BG","2021-01","> 1000","> 1000"
"169","BG","2021-02","> 1000","> 1000"
"170","BG","2021-03","> 1000","> 1000"
"171","BG","2021-04","> 1000","> 1000"
"172","BG","2021-05","> 1000","> 1000"
"173","BG","2021-06","> 1000","> 1000"
"174","BG","2021-07","> 1000","> 1000"
"175","BG","2021-08","> 1000","> 1000"
"176","BJ","2020-09","101 - 200","101 - 200"
"177","BJ","2020-10","1 - 100","1 - 100"
"178","BJ","2020-11","1 - 100","1 - 100"
"179","BJ","2020-12","1 - 100","1 - 100"
"180","BJ","2021-01","1 - 100","1 - 100"
"181","BJ","2021-02","1 - 100","1 - 100"
"182","BJ","2021-03","1 - 100","1 - 100"
"183","BJ","2021-04","1 - 100","0"
"184","BJ","2021-05","1 - 100","1 - 100"
"185","BJ","2021-06","1 - 100","1 - 100"
"186","BJ","2021-07","101 - 200","101 - 200"
"187","BJ","2021-08","701 - 800","701 - 800"
"188","BL","2021-07","1 - 100","1 - 100"
"189","BM","2021-01","1 - 100","1 - 100"
"190","BM","2021-02","1 - 100","1 - 100"
"191","BM","2021-03","1 - 100","1 - 100"
"192","BN","2020-09","1 - 100","1 - 100"
"193","BN","2020-11","1 - 100","1 - 100"
"194","BN","2020-12","1 - 100","1 - 100"
"195","BN","2021-01","1 - 100","1 - 100"
"196","BN","2021-02","1 - 100","1 - 100"
"197","BN","2021-03","1 - 100","1 - 100"
"198","BN","2021-04","1 - 100","1 - 100"
"199","BN","2021-05","301 - 400","301 - 400"
"200","BN","2021-06","> 1000","> 1000"
"201","BN","2021-07","301 - 400","301 - 400"
"202","BN","2021-08","101 - 200","101 - 200"
"203","BO","2020-09","101 - 200","101 - 200"
"204","BO","2020-10","201 - 300","201 - 300"
"205","BO","2020-11","301 - 400","301 - 400"
"206","BO","2020-12","201 - 300","101 - 200"
"207","BO","2021-01","301 - 400","301 - 400"
"208","BO","2021-02","201 - 300","201 - 300"
"209","BO","2021-03","201 - 300","201 - 300"
"210","BO","2021-04","201 - 300","201 - 300"
"211","BO","2021-05","301 - 400","301 - 400"
"212","BO","2021-06","301 - 400","301 - 400"
"213","BO","2021-07","401 - 500","401 - 500"
"214","BO","2021-08","301 - 400","301 - 400"
"215","BQ","2020-10","1 - 100","1 - 100"
"216","BQ","2020-11","1 - 100","1 - 100"
"217","BQ","2021-01","1 - 100","1 - 100"
"218","BQ","2021-04","1 - 100","1 - 100"
"219","BQ","2021-07","1 - 100","1 - 100"
"220","BR","2020-09","> 1000","> 1000"
"221","BR","2020-10","> 1000","> 1000"
"222","BR","2020-11","> 1000","> 1000"
"223","BR","2020-12","> 1000","> 1000"
"224","BR","2021-01","> 1000","> 1000"
"225","BR","2021-02","> 1000","> 1000"
"226","BR","2021-03","> 1000","> 1000"
"227","BR","2021-04","> 1000","> 1000"
"228","BR","2021-05","> 1000","> 1000"
"229","BR","2021-06","> 1000","> 1000"
"230","BR","2021-07","> 1000","> 1000"
"231","BR","2021-08","> 1000","> 1000"
"232","BS","2020-09","1 - 100","1 - 100"
"233","BS","2020-10","1 - 100","1 - 100"
"234","BS","2020-12","1 - 100","1 - 100"
"235","BS","2021-03","1 - 100","1 - 100"
"236","BS","2021-04","1 - 100","1 - 100"
"237","BS","2021-05","1 - 100","1 - 100"
"238","BS","2021-07","1 - 100","1 - 100"
"239","BT","2020-10","1 - 100","1 - 100"
"240","BT","2020-12","1 - 100","1 - 100"
"241","BT","2021-01","1 - 100","1 - 100"
"242","BT","2021-03","1 - 100","1 - 100"
"243","BT","2021-04","1 - 100","1 - 100"
"244","BT","2021-05","1 - 100","1 - 100"
"245","BT","2021-06","1 - 100","1 - 100"
"246","BT","2021-08","1 - 100","1 - 100"
"247","BW","2020-09","1 - 100","1 - 100"
"248","BW","2020-10","1 - 100","1 - 100"
"249","BW","2020-11","1 - 100","1 - 100"
"250","BW","2020-12","1 - 100","1 - 100"
"251","BW","2021-01","201 - 300","201 - 300"
"252","BW","2021-02","101 - 200","101 - 200"
"253","BW","2021-03","101 - 200","101 - 200"
"254","BW","2021-04","101 - 200","101 - 200"
"255","BW","2021-05","1 - 100","1 - 100"
"256","BW","2021-06","1 - 100","1 - 100"
"257","BW","2021-07","1 - 100","1 - 100"
"258","BW","2021-08","1 - 100","1 - 100"
"259","BZ","2020-10","1 - 100","1 - 100"
"260","BZ","2020-11","1 - 100","1 - 100"
"261","BZ","2020-12","1 - 100","1 - 100"
"262","BZ","2021-01","1 - 100","1 - 100"
"263","BZ","2021-02","1 - 100","1 - 100"
"264","BZ","2021-03","1 - 100","1 - 100"
"265","BZ","2021-04","1 - 100","1 - 100"
"266","BZ","2021-06","1 - 100","1 - 100"
"267","BZ","2021-08","1 - 100","1 - 100"
"268","CA","2020-09","> 1000","> 1000"
"269","CA","2020-10","> 1000","> 1000"
"270","CA","2020-11","> 1000","> 1000"
"271","CA","2020-12","> 1000","> 1000"
"272","CA","2021-01","> 1000","> 1000"
"273","CA","2021-02","> 1000","> 1000"
"274","CA","2021-03","> 1000","> 1000"
"275","CA","2021-04","> 1000","> 1000"
"276","CA","2021-05","> 1000","> 1000"
"277","CA","2021-06","> 1000","> 1000"
"278","CA","2021-07","> 1000","> 1000"
"279","CA","2021-08","> 1000","> 1000"
"280","CD","2020-09","1 - 100","1 - 100"
"281","CD","2020-10","1 - 100","1 - 100"
"282","CD","2020-11","1 - 100","1 - 100"
"283","CD","2020-12","1 - 100","1 - 100"
"284","CD","2021-01","1 - 100","1 - 100"
"285","CD","2021-02","1 - 100","1 - 100"
"286","CD","2021-03","101 - 200","101 - 200"
"287","CD","2021-04","301 - 400","301 - 400"
"288","CD","2021-05","> 1000","> 1000"
"289","CD","2021-06","> 1000","> 1000"
"290","CD","2021-07","401 - 500","401 - 500"
"291","CD","2021-08","601 - 700","601 - 700"
"292","CF","2020-10","1 - 100","1 - 100"
"293","CF","2021-01","1 - 100","1 - 100"
"294","CF","2021-05","1 - 100","1 - 100"
"295","CG","2020-09","1 - 100","1 - 100"
"296","CG","2020-10","1 - 100","1 - 100"
"297","CG","2020-11","1 - 100","1 - 100"
"298","CG","2020-12","1 - 100","1 - 100"
"299","CG","2021-01","1 - 100","1 - 100"
"300","CG","2021-02","1 - 100","1 - 100"
"301","CG","2021-03","1 - 100","1 - 100"
"302","CG","2021-04","1 - 100","1 - 100"
"303","CG","2021-05","1 - 100","1 - 100"
"304","CG","2021-06","1 - 100","1 - 100"
"305","CG","2021-07","1 - 100","1 - 100"
"306","CG","2021-08","101 - 200","101 - 200"
"307","CH","2020-09","> 1000","> 1000"
"308","CH","2020-10","> 1000","> 1000"
"309","CH","2020-11","> 1000","> 1000"
"310","CH","2020-12","> 1000","> 1000"
"311","CH","2021-01","> 1000","> 1000"
"312","CH","2021-02","> 1000","> 1000"
"313","CH","2021-03","> 1000","> 1000"
"314","CH","2021-04","> 1000","> 1000"
"315","CH","2021-05","> 1000","> 1000"
"316","CH","2021-06","> 1000","> 1000"
"317","CH","2021-07","> 1000","> 1000"
"318","CH","2021-08","> 1000","> 1000"
"319","CI","2020-09","1 - 100","1 - 100"
"320","CI","2020-10","1 - 100","1 - 100"
"321","CI","2020-11","1 - 100","1 - 100"
"322","CI","2020-12","1 - 100","1 - 100"
"323","CI","2021-01","1 - 100","1 - 100"
"324","CI","2021-02","1 - 100","1 - 100"
"325","CI","2021-03","1 - 100","1 - 100"
"326","CI","2021-04","1 - 100","1 - 100"
"327","CI","2021-05","101 - 200","101 - 200"
"328","CI","2021-06","1 - 100","1 - 100"
"329","CI","2021-07","1 - 100","1 - 100"
"330","CI","2021-08","101 - 200","101 - 200"
"331","CL","2020-09","> 1000","> 1000"
"332","CL","2020-10","> 1000","> 1000"
"333","CL","2020-11","> 1000","> 1000"
"334","CL","2020-12","> 1000","> 1000"
"335","CL","2021-01","> 1000","> 1000"
"336","CL","2021-02","> 1000","> 1000"
"337","CL","2021-03","> 1000","> 1000"
"338","CL","2021-04","> 1000","> 1000"
"339","CL","2021-05","> 1000","> 1000"
"340","CL","2021-06","> 1000","> 1000"
"341","CL","2021-07","> 1000","> 1000"
"342","CL","2021-08","> 1000","> 1000"
"343","CM","2020-09","1 - 100","1 - 100"
"344","CM","2020-10","1 - 100","1 - 100"
"345","CM","2020-11","1 - 100","1 - 100"
"346","CM","2020-12","201 - 300","201 - 300"
"347","CM","2021-01","401 - 500","401 - 500"
"348","CM","2021-02","101 - 200","101 - 200"
"349","CM","2021-03","1 - 100","1 - 100"
"350","CM","2021-04","301 - 400","201 - 300"
"351","CM","2021-05","101 - 200","101 - 200"
"352","CM","2021-06","701 - 800","701 - 800"
"353","CM","2021-07","> 1000","> 1000"
"354","CM","2021-08","201 - 300","101 - 200"
"355","CO","2020-09","> 1000","> 1000"
"356","CO","2020-10","> 1000","> 1000"
"357","CO","2020-11","> 1000","> 1000"
"358","CO","2020-12","> 1000","> 1000"
"359","CO","2021-01","> 1000","> 1000"
"360","CO","2021-02","> 1000","> 1000"
"361","CO","2021-03","> 1000","> 1000"
"362","CO","2021-04","> 1000","> 1000"
"363","CO","2021-05","> 1000","> 1000"
"364","CO","2021-06","> 1000","> 1000"
"365","CO","2021-07","> 1000","> 1000"
"366","CO","2021-08","> 1000","> 1000"
"367","CR","2020-09","> 1000","> 1000"
"368","CR","2020-10","601 - 700","601 - 700"
"369","CR","2020-11","701 - 800","701 - 800"
"370","CR","2020-12","501 - 600","501 - 600"
"371","CR","2021-01","301 - 400","301 - 400"
"372","CR","2021-02","401 - 500","401 - 500"
"373","CR","2021-03","301 - 400","301 - 400"
"374","CR","2021-04","801 - 900","801 - 900"
"375","CR","2021-05","701 - 800","701 - 800"
"376","CR","2021-06","401 - 500","401 - 500"
"377","CR","2021-07","501 - 600","501 - 600"
"378","CR","2021-08","> 1000","> 1000"
"379","CV","2020-12","1 - 100","1 - 100"
"380","CV","2021-03","1 - 100","1 - 100"
"381","CV","2021-04","1 - 100","1 - 100"
"382","CW","2020-09","1 - 100","1 - 100"
"383","CW","2020-11","1 - 100","0"
"384","CW","2021-01","1 - 100","1 - 100"
"385","CW","2021-02","1 - 100","1 - 100"
"386","CW","2021-03","1 - 100","1 - 100"
"387","CW","2021-04","1 - 100","1 - 100"
"388","CW","2021-05","1 - 100","1 - 100"
"389","CW","2021-07","1 - 100","1 - 100"
"390","CW","2021-08","1 - 100","1 - 100"
"391","CY","2020-09","1 - 100","1 - 100"
"392","CY","2020-10","201 - 300","201 - 300"
"393","CY","2020-11","201 - 300","201 - 300"
"394","CY","2020-12","1 - 100","1 - 100"
"395","CY","2021-01","701 - 800","601 - 700"
"396","CY","2021-02","501 - 600","501 - 600"
"397","CY","2021-03","> 1000","> 1000"
"398","CY","2021-04","> 1000","> 1000"
"399","CY","2021-05","> 1000","> 1000"
"400","CY","2021-06","> 1000","> 1000"
"401","CY","2021-07","901 - 1000","901 - 1000"
"402","CY","2021-08","1 - 100","1 - 100"
"403","CZ","2020-09","> 1000","> 1000"
"404","CZ","2020-10","> 1000","> 1000"
"405","CZ","2020-11","> 1000","> 1000"
"406","CZ","2020-12","> 1000","> 1000"
"407","CZ","2021-01","> 1000","> 1000"
"408","CZ","2021-02","> 1000","> 1000"
"409","CZ","2021-03","> 1000","> 1000"
"410","CZ","2021-04","> 1000","> 1000"
"411","CZ","2021-05","> 1000","> 1000"
"412","CZ","2021-06","> 1000","> 1000"
"413","CZ","2021-07","> 1000","> 1000"
"414","CZ","2021-08","> 1000","> 1000"
"415","DE","2020-09","> 1000","> 1000"
"416","DE","2020-10","> 1000","> 1000"
"417","DE","2020-11","> 1000","> 1000"
"418","DE","2020-12","> 1000","> 1000"
"419","DE","2021-01","> 1000","> 1000"
"420","DE","2021-02","> 1000","> 1000"
"421","DE","2021-03","> 1000","> 1000"
"422","DE","2021-04","> 1000","> 1000"
"423","DE","2021-05","> 1000","> 1000"
"424","DE","2021-06","> 1000","> 1000"
"425","DE","2021-07","> 1000","> 1000"
"426","DE","2021-08","> 1000","> 1000"
"427","DK","2020-09","> 1000","> 1000"
"428","DK","2020-10","> 1000","> 1000"
"429","DK","2020-11","> 1000","> 1000"
"430","DK","2020-12","> 1000","> 1000"
"431","DK","2021-01","> 1000","> 1000"
"432","DK","2021-02","> 1000","> 1000"
"433","DK","2021-03","> 1000","> 1000"
"434","DK","2021-04","> 1000","> 1000"
"435","DK","2021-05","> 1000","> 1000"
"436","DK","2021-06","> 1000","> 1000"
"437","DK","2021-07","> 1000","> 1000"
"438","DK","2021-08","> 1000","> 1000"
"439","DO","2020-09","201 - 300","201 - 300"
"440","DO","2020-10","301 - 400","301 - 400"
"441","DO","2020-11","301 - 400","301 - 400"
"442","DO","2020-12","301 - 400","301 - 400"
"443","DO","2021-01","701 - 800","701 - 800"
"444","DO","2021-02","401 - 500","401 - 500"
"445","DO","2021-03","601 - 700","601 - 700"
"446","DO","2021-04","701 - 800","701 - 800"
"447","DO","2021-05","701 - 800","701 - 800"
"448","DO","2021-06","401 - 500","401 - 500"
"449","DO","2021-07","301 - 400","301 - 400"
"450","DO","2021-08","601 - 700","601 - 700"
"451","DZ","2020-09","> 1000","> 1000"
"452","DZ","2020-10","> 1000","> 1000"
"453","DZ","2020-11","> 1000","> 1000"
"454","DZ","2020-12","> 1000","> 1000"
"455","DZ","2021-01","> 1000","> 1000"
"456","DZ","2021-02","> 1000","> 1000"
"457","DZ","2021-03","> 1000","> 1000"
"458","DZ","2021-04","> 1000","> 1000"
"459","DZ","2021-05","> 1000","> 1000"
"460","DZ","2021-06","> 1000","> 1000"
"461","DZ","2021-07","> 1000","> 1000"
"462","DZ","2021-08","> 1000","> 1000"
"463","EC","2020-09","901 - 1000","901 - 1000"
"464","EC","2020-10","801 - 900","801 - 900"
"465","EC","2020-11","901 - 1000","901 - 1000"
"466","EC","2020-12","701 - 800","701 - 800"
"467","EC","2021-01","> 1000","> 1000"
"468","EC","2021-02","> 1000","> 1000"
"469","EC","2021-03","> 1000","> 1000"
"470","EC","2021-04","> 1000","> 1000"
"471","EC","2021-05","> 1000","> 1000"
"472","EC","2021-06","> 1000","> 1000"
"473","EC","2021-07","> 1000","> 1000"
"474","EC","2021-08","> 1000","> 1000"
"475","EE","2020-09","> 1000","> 1000"
"476","EE","2020-10","> 1000","> 1000"
"477","EE","2020-11","> 1000","> 1000"
"478","EE","2020-12","> 1000","> 1000"
"479","EE","2021-01","> 1000","> 1000"
"480","EE","2021-02","> 1000","> 1000"
"481","EE","2021-03","> 1000","> 1000"
"482","EE","2021-04","> 1000","> 1000"
"483","EE","2021-05","> 1000","> 1000"
"484","EE","2021-06","> 1000","> 1000"
"485","EE","2021-07","> 1000","> 1000"
"486","EE","2021-08","> 1000","> 1000"
"487","ES","2020-09","> 1000","> 1000"
"488","ES","2020-10","> 1000","> 1000"
"489","ES","2020-11","> 1000","> 1000"
"490","ES","2020-12","> 1000","> 1000"
"491","ES","2021-01","> 1000","> 1000"
"492","ES","2021-02","> 1000","> 1000"
"493","ES","2021-03","> 1000","> 1000"
"494","ES","2021-04","> 1000","> 1000"
"495","ES","2021-05","> 1000","> 1000"
"496","ES","2021-06","> 1000","> 1000"
"497","ES","2021-07","> 1000","> 1000"
"498","ES","2021-08","> 1000","> 1000"
"499","FI","2020-09","> 1000","> 1000"
"500","FI","2020-10","> 1000","> 1000"
"501","FI","2020-11","> 1000","> 1000"
"502","FI","2020-12","> 1000","> 1000"
"503","FI","2021-01","> 1000","> 1000"
"504","FI","2021-02","> 1000","> 1000"
"505","FI","2021-03","> 1000","> 1000"
"506","FI","2021-04","> 1000","> 1000"
"507","FI","2021-05","> 1000","> 1000"
"508","FI","2021-06","> 1000","> 1000"
"509","FI","2021-07","> 1000","> 1000"
"510","FI","2021-08","> 1000","> 1000"
"511","FJ","2020-09","1 - 100","1 - 100"
"512","FJ","2020-10","1 - 100","1 - 100"
"513","FJ","2020-11","1 - 100","1 - 100"
"514","FJ","2020-12","1 - 100","1 - 100"
"515","FJ","2021-01","1 - 100","1 - 100"
"516","FJ","2021-02","1 - 100","1 - 100"
"517","FJ","2021-03","1 - 100","1 - 100"
"518","FJ","2021-04","1 - 100","1 - 100"
"519","FJ","2021-05","1 - 100","1 - 100"
"520","FJ","2021-06","1 - 100","1 - 100"
"521","FJ","2021-07","1 - 100","1 - 100"
"522","FM","2020-12","1 - 100","1 - 100"
"523","FO","2020-09","201 - 300","201 - 300"
"524","FO","2020-10","201 - 300","201 - 300"
"525","FO","2020-11","1 - 100","1 - 100"
"526","FO","2020-12","101 - 200","1 - 100"
"527","FO","2021-01","1 - 100","1 - 100"
"528","FO","2021-02","1 - 100","1 - 100"
"529","FO","2021-03","1 - 100","1 - 100"
"530","FO","2021-04","1 - 100","1 - 100"
"531","FO","2021-05","1 - 100","1 - 100"
"532","FO","2021-06","1 - 100","1 - 100"
"533","FO","2021-07","1 - 100","1 - 100"
"534","FO","2021-08","1 - 100","1 - 100"
"535","FR","2020-09","> 1000","> 1000"
"536","FR","2020-10","> 1000","> 1000"
"537","FR","2020-11","> 1000","> 1000"
"538","FR","2020-12","> 1000","> 1000"
"539","FR","2021-01","> 1000","> 1000"
"540","FR","2021-02","> 1000","> 1000"
"541","FR","2021-03","> 1000","> 1000"
"542","FR","2021-04","> 1000","> 1000"
"543","FR","2021-05","> 1000","> 1000"
"544","FR","2021-06","> 1000","> 1000"
"545","FR","2021-07","> 1000","> 1000"
"546","FR","2021-08","> 1000","> 1000"
"547","GA","2020-10","1 - 100","1 - 100"
"548","GA","2020-11","1 - 100","1 - 100"
"549","GA","2020-12","1 - 100","1 - 100"
"550","GA","2021-01","1 - 100","1 - 100"
"551","GA","2021-02","1 - 100","1 - 100"
"552","GA","2021-03","1 - 100","1 - 100"
"553","GA","2021-04","1 - 100","1 - 100"
"554","GA","2021-05","1 - 100","1 - 100"
"555","GA","2021-06","1 - 100","1 - 100"
"556","GA","2021-07","1 - 100","1 - 100"
"557","GA","2021-08","1 - 100","1 - 100"
"558","GB","2020-09","> 1000","> 1000"
"559","GB","2020-10","> 1000","> 1000"
"560","GB","2020-11","> 1000","> 1000"
"561","GB","2020-12","> 1000","> 1000"
"562","GB","2021-01","> 1000","> 1000"
"563","GB","2021-02","> 1000","> 1000"
"564","GB","2021-03","> 1000","> 1000"
"565","GB","2021-04","> 1000","> 1000"
"566","GB","2021-05","> 1000","> 1000"
"567","GB","2021-06","> 1000","> 1000"
"568","GB","2021-07","> 1000","> 1000"
"569","GB","2021-08","> 1000","> 1000"
"570","GD","2020-09","1 - 100","1 - 100"
"571","GD","2020-11","1 - 100","1 - 100"
"572","GE","2020-09","> 1000","> 1000"
"573","GE","2020-10","> 1000","> 1000"
"574","GE","2020-11","> 1000","> 1000"
"575","GE","2020-12","> 1000","> 1000"
"576","GE","2021-01","> 1000","> 1000"
"577","GE","2021-02","> 1000","> 1000"
"578","GE","2021-03","> 1000","> 1000"
"579","GE","2021-04","> 1000","> 1000"
"580","GE","2021-05","> 1000","> 1000"
"581","GE","2021-06","> 1000","> 1000"
"582","GE","2021-07","> 1000","> 1000"
"583","GE","2021-08","> 1000","> 1000"
"584","GF","2020-09","1 - 100","1 - 100"
"585","GF","2020-10","1 - 100","1 - 100"
"586","GF","2020-11","1 - 100","1 - 100"
"587","GF","2020-12","1 - 100","1 - 100"
"588","GF","2021-01","1 - 100","1 - 100"
"589","GF","2021-02","1 - 100","1 - 100"
"590","GF","2021-03","1 - 100","1 - 100"
"591","GF","2021-04","1 - 100","1 - 100"
"592","GF","2021-05","1 - 100","1 - 100"
"593","GF","2021-06","1 - 100","1 - 100"
"594","GF","2021-07","1 - 100","1 - 100"
"595","GF","2021-08","1 - 100","1 - 100"
"596","GG","2021-05","1 - 100","1 - 100"
"597","GH","2020-09","> 1000","> 1000"
"598","GH","2020-10","> 1000","> 1000"
"599","GH","2020-11","701 - 800","501 - 600"
"600","GH","2020-12","> 1000","> 1000"
"601","GH","2021-01","> 1000","> 1000"
"602","GH","2021-02","> 1000","> 1000"
"603","GH","2021-03","> 1000","> 1000"
"604","GH","2021-04","901 - 1000","501 - 600"
"605","GH","2021-05","> 1000","> 1000"
"606","GH","2021-06","> 1000","> 1000"
"607","GH","2021-07","> 1000","> 1000"
"608","GH","2021-08","> 1000","> 1000"
"609","GI","2020-09","501 - 600","501 - 600"
"610","GI","2020-10","301 - 400","301 - 400"
"611","GI","2020-11","1 - 100","1 - 100"
"612","GI","2020-12","1 - 100","1 - 100"
"613","GI","2021-01","1 - 100","1 - 100"
"614","GI","2021-02","1 - 100","1 - 100"
"615","GI","2021-03","1 - 100","1 - 100"
"616","GI","2021-04","1 - 100","1 - 100"
"617","GI","2021-05","1 - 100","1 - 100"
"618","GI","2021-06","1 - 100","1 - 100"
"619","GI","2021-07","1 - 100","1 - 100"
"620","GI","2021-08","1 - 100","1 - 100"
"621","GL","2020-09","1 - 100","1 - 100"
"622","GL","2020-10","1 - 100","1 - 100"
"623","GL","2020-11","1 - 100","1 - 100"
"624","GL","2020-12","1 - 100","1 - 100"
"625","GL","2021-01","101 - 200","101 - 200"
"626","GL","2021-02","501 - 600","501 - 600"
"627","GL","2021-03","1 - 100","1 - 100"
"628","GL","2021-04","1 - 100","1 - 100"
"629","GL","2021-07","1 - 100","0"
"630","GL","2021-08","1 - 100","1 - 100"
"631","GM","2020-09","1 - 100","1 - 100"
"632","GM","2020-10","1 - 100","1 - 100"
"633","GM","2020-11","1 - 100","1 - 100"
"634","GM","2020-12","1 - 100","1 - 100"
"635","GM","2021-01","1 - 100","1 - 100"
"636","GM","2021-03","1 - 100","1 - 100"
"637","GM","2021-05","1 - 100","1 - 100"
"638","GN","2020-09","> 1000","> 1000"
"639","GN","2020-10","201 - 300","201 - 300"
"640","GN","2020-11","401 - 500","401 - 500"
"641","GN","2020-12","101 - 200","101 - 200"
"642","GN","2021-01","101 - 200","101 - 200"
"643","GN","2021-02","1 - 100","1 - 100"
"644","GN","2021-03","301 - 400","301 - 400"
"645","GN","2021-04","> 1000","> 1000"
"646","GN","2021-05","901 - 1000","901 - 1000"
"647","GN","2021-06","401 - 500","401 - 500"
"648","GN","2021-07","501 - 600","401 - 500"
"649","GN","2021-08","301 - 400","301 - 400"
"650","GP","2020-09","1 - 100","1 - 100"
"651","GP","2020-10","1 - 100","1 - 100"
"652","GP","2020-11","1 - 100","1 - 100"
"653","GP","2020-12","1 - 100","1 - 100"
"654","GP","2021-01","1 - 100","1 - 100"
"655","GP","2021-02","1 - 100","1 - 100"
"656","GP","2021-03","1 - 100","1 - 100"
"657","GP","2021-04","1 - 100","1 - 100"
"658","GP","2021-05","1 - 100","1 - 100"
"659","GP","2021-06","1 - 100","1 - 100"
"660","GP","2021-07","1 - 100","1 - 100"
"661","GP","2021-08","1 - 100","1 - 100"
"662","GR","2020-09","> 1000","> 1000"
"663","GR","2020-10","> 1000","> 1000"
"664","GR","2020-11","> 1000","> 1000"
"665","GR","2020-12","> 1000","> 1000"
"666","GR","2021-01","> 1000","> 1000"
"667","GR","2021-02","> 1000","> 1000"
"668","GR","2021-03","> 1000","> 1000"
"669","GR","2021-04","> 1000","> 1000"
"670","GR","2021-05","> 1000","> 1000"
"671","GR","2021-06","> 1000","> 1000"
"672","GR","2021-07","> 1000","> 1000"
"673","GR","2021-08","> 1000","> 1000"
"674","GT","2020-09","501 - 600","501 - 600"
"675","GT","2020-10","401 - 500","401 - 500"
"676","GT","2020-11","301 - 400","301 - 400"
"677","GT","2020-12","801 - 900","801 - 900"
"678","GT","2021-01","501 - 600","501 - 600"
"679","GT","2021-02","301 - 400","301 - 400"
"680","GT","2021-03","301 - 400","301 - 400"
"681","GT","2021-04","401 - 500","401 - 500"
"682","GT","2021-05","401 - 500","401 - 500"
"683","GT","2021-06","401 - 500","401 - 500"
"684","GT","2021-07","601 - 700","601 - 700"
"685","GT","2021-08","301 - 400","301 - 400"
"686","GU","2020-10","1 - 100","1 - 100"
"687","GU","2020-11","1 - 100","1 - 100"
"688","GU","2021-01","1 - 100","1 - 100"
"689","GU","2021-07","1 - 100","1 - 100"
"690","GW","2020-09","1 - 100","1 - 100"
"691","GW","2020-11","1 - 100","1 - 100"
"692","GW","2020-12","1 - 100","1 - 100"
"693","GW","2021-01","1 - 100","1 - 100"
"694","GW","2021-08","1 - 100","1 - 100"
"695","GY","2020-10","1 - 100","1 - 100"
"696","GY","2020-11","1 - 100","1 - 100"
"697","GY","2020-12","1 - 100","1 - 100"
"698","GY","2021-01","1 - 100","1 - 100"
"699","GY","2021-02","1 - 100","1 - 100"
"700","GY","2021-05","1 - 100","1 - 100"
"701","GY","2021-07","1 - 100","1 - 100"
"702","HK","2020-09","> 1000","> 1000"
"703","HK","2020-10","> 1000","> 1000"
"704","HK","2020-11","> 1000","> 1000"
"705","HK","2020-12","> 1000","> 1000"
"706","HK","2021-01","> 1000","> 1000"
"707","HK","2021-02","> 1000","> 1000"
"708","HK","2021-03","> 1000","> 1000"
"709","HK","2021-04","> 1000","> 1000"
"710","HK","2021-05","> 1000","> 1000"
"711","HK","2021-06","> 1000","> 1000"
"712","HK","2021-07","> 1000","> 1000"
"713","HK","2021-08","> 1000","> 1000"
"714","HN","2020-09","101 - 200","101 - 200"
"715","HN","2020-10","201 - 300","201 - 300"
"716","HN","2020-11","101 - 200","101 - 200"
"717","HN","2020-12","1 - 100","1 - 100"
"718","HN","2021-01","101 - 200","101 - 200"
"719","HN","2021-02","401 - 500","401 - 500"
"720","HN","2021-03","301 - 400","301 - 400"
"721","HN","2021-04","201 - 300","201 - 300"
"722","HN","2021-05","201 - 300","201 - 300"
"723","HN","2021-06","101 - 200","101 - 200"
"724","HN","2021-07","301 - 400","301 - 400"
"725","HN","2021-08","501 - 600","501 - 600"
"726","HR","2020-09","> 1000","> 1000"
"727","HR","2020-10","> 1000","> 1000"
"728","HR","2020-11","> 1000","> 1000"
"729","HR","2020-12","> 1000","> 1000"
"730","HR","2021-01","> 1000","> 1000"
"731","HR","2021-02","> 1000","> 1000"
"732","HR","2021-03","> 1000","> 1000"
"733","HR","2021-04","> 1000","> 1000"
"734","HR","2021-05","> 1000","> 1000"
"735","HR","2021-06","> 1000","> 1000"
"736","HR","2021-07","> 1000","> 1000"
"737","HR","2021-08","> 1000","> 1000"
"738","HT","2020-09","101 - 200","101 - 200"
"739","HT","2020-10","601 - 700","601 - 700"
"740","HT","2020-11","1 - 100","1 - 100"
"741","HT","2020-12","201 - 300","201 - 300"
"742","HT","2021-01","101 - 200","101 - 200"
"743","HT","2021-02","301 - 400","301 - 400"
"744","HT","2021-03","101 - 200","101 - 200"
"745","HT","2021-04","101 - 200","101 - 200"
"746","HT","2021-05","1 - 100","1 - 100"
"747","HT","2021-06","101 - 200","101 - 200"
"748","HT","2021-07","1 - 100","1 - 100"
"749","HT","2021-08","1 - 100","1 - 100"
"750","HU","2020-09","> 1000","> 1000"
"751","HU","2020-10","> 1000","> 1000"
"752","HU","2020-11","> 1000","> 1000"
"753","HU","2020-12","> 1000","> 1000"
"754","HU","2021-01","> 1000","> 1000"
"755","HU","2021-02","> 1000","> 1000"
"756","HU","2021-03","> 1000","> 1000"
"757","HU","2021-04","> 1000","> 1000"
"758","HU","2021-05","> 1000","> 1000"
"759","HU","2021-06","> 1000","> 1000"
"760","HU","2021-07","> 1000","> 1000"
"761","HU","2021-08","> 1000","> 1000"
"762","ID","2020-09","> 1000","> 1000"
"763","ID","2020-10","> 1000","> 1000"
"764","ID","2020-11","> 1000","> 1000"
"765","ID","2020-12","> 1000","> 1000"
"766","ID","2021-01","> 1000","> 1000"
"767","ID","2021-02","> 1000","> 1000"
"768","ID","2021-03","> 1000","> 1000"
"769","ID","2021-04","> 1000","> 1000"
"770","ID","2021-05","> 1000","> 1000"
"771","ID","2021-06","> 1000","> 1000"
"772","ID","2021-07","> 1000","> 1000"
"773","ID","2021-08","> 1000","> 1000"
"774","IE","2020-09","> 1000","> 1000"
"775","IE","2020-10","> 1000","> 1000"
"776","IE","2020-11","> 1000","> 1000"
"777","IE","2020-12","> 1000","> 1000"
"778","IE","2021-01","> 1000","> 1000"
"779","IE","2021-02","> 1000","> 1000"
"780","IE","2021-03","> 1000","> 1000"
"781","IE","2021-04","> 1000","> 1000"
"782","IE","2021-05","> 1000","> 1000"
"783","IE","2021-06","> 1000","> 1000"
"784","IE","2021-07","> 1000","> 1000"
"785","IE","2021-08","> 1000","> 1000"
"786","IL","2020-09","> 1000","> 1000"
"787","IL","2020-10","> 1000","> 1000"
"788","IL","2020-11","> 1000","> 1000"
"789","IL","2020-12","> 1000","> 1000"
"790","IL","2021-01","> 1000","> 1000"
"791","IL","2021-02","> 1000","> 1000"
"792","IL","2021-03","> 1000","> 1000"
"793","IL","2021-04","> 1000","> 1000"
"794","IL","2021-05","> 1000","> 1000"
"795","IL","2021-06","> 1000","> 1000"
"796","IL","2021-07","> 1000","> 1000"
"797","IL","2021-08","> 1000","> 1000"
"798","IM","2020-09","1 - 100","1 - 100"
"799","IM","2020-10","1 - 100","1 - 100"
"800","IM","2020-11","1 - 100","1 - 100"
"801","IM","2020-12","1 - 100","1 - 100"
"802","IM","2021-01","1 - 100","1 - 100"
"803","IM","2021-02","1 - 100","1 - 100"
"804","IM","2021-03","1 - 100","1 - 100"
"805","IM","2021-04","1 - 100","1 - 100"
"806","IM","2021-05","1 - 100","1 - 100"
"807","IM","2021-06","1 - 100","1 - 100"
"808","IM","2021-07","1 - 100","1 - 100"
"809","IM","2021-08","1 - 100","1 - 100"
"810","IN","2020-09","> 1000","> 1000"
"811","IN","2020-10","> 1000","> 1000"
"812","IN","2020-11","> 1000","> 1000"
"813","IN","2020-12","> 1000","> 1000"
"814","IN","2021-01","> 1000","> 1000"
"815","IN","2021-02","> 1000","> 1000"
"816","IN","2021-03","> 1000","> 1000"
"817","IN","2021-04","> 1000","> 1000"
"818","IN","2021-05","> 1000","> 1000"
"819","IN","2021-06","> 1000","> 1000"
"820","IN","2021-07","> 1000","> 1000"
"821","IN","2021-08","> 1000","> 1000"
"822","IS","2020-09","201 - 300","201 - 300"
"823","IS","2020-10","401 - 500","401 - 500"
"824","IS","2020-11","301 - 400","301 - 400"
"825","IS","2020-12","301 - 400","301 - 400"
"826","IS","2021-01","301 - 400","301 - 400"
"827","IS","2021-02","401 - 500","401 - 500"
"828","IS","2021-03","901 - 1000","901 - 1000"
"829","IS","2021-04","601 - 700","601 - 700"
"830","IS","2021-05","401 - 500","401 - 500"
"831","IS","2021-06","901 - 1000","901 - 1000"
"832","IS","2021-07","201 - 300","201 - 300"
"833","IS","2021-08","101 - 200","101 - 200"
"834","IT","2020-09","> 1000","> 1000"
"835","IT","2020-10","> 1000","> 1000"
"836","IT","2020-11","> 1000","> 1000"
"837","IT","2020-12","> 1000","> 1000"
"838","IT","2021-01","> 1000","> 1000"
"839","IT","2021-02","> 1000","> 1000"
"840","IT","2021-03","> 1000","> 1000"
"841","IT","2021-04","> 1000","> 1000"
"842","IT","2021-05","> 1000","> 1000"
"843","IT","2021-06","> 1000","> 1000"
"844","IT","2021-07","> 1000","> 1000"
"845","IT","2021-08","> 1000","> 1000"
"846","JE","2020-09","1 - 100","1 - 100"
"847","JE","2020-10","1 - 100","1 - 100"
"848","JE","2020-11","1 - 100","1 - 100"
"849","JE","2020-12","1 - 100","1 - 100"
"850","JE","2021-01","1 - 100","1 - 100"
"851","JE","2021-02","1 - 100","1 - 100"
"852","JE","2021-03","101 - 200","101 - 200"
"853","JE","2021-04","201 - 300","201 - 300"
"854","JE","2021-05","1 - 100","1 - 100"
"855","JE","2021-06","1 - 100","1 - 100"
"856","JE","2021-07","1 - 100","1 - 100"
"857","JE","2021-08","101 - 200","101 - 200"
"858","JM","2020-09","1 - 100","1 - 100"
"859","JM","2020-10","1 - 100","1 - 100"
"860","JM","2020-11","1 - 100","1 - 100"
"861","JM","2020-12","1 - 100","1 - 100"
"862","JM","2021-01","1 - 100","1 - 100"
"863","JM","2021-02","1 - 100","1 - 100"
"864","JM","2021-03","1 - 100","1 - 100"
"865","JM","2021-04","1 - 100","1 - 100"
"866","JM","2021-05","1 - 100","1 - 100"
"867","JM","2021-06","1 - 100","1 - 100"
"868","JM","2021-07","1 - 100","1 - 100"
"869","JM","2021-08","1 - 100","1 - 100"
"870","JO","2020-09","601 - 700","601 - 700"
"871","JO","2020-10","901 - 1000","901 - 1000"
"872","JO","2020-11","701 - 800","701 - 800"
"873","JO","2020-12","801 - 900","701 - 800"
"874","JO","2021-01","501 - 600","501 - 600"
"875","JO","2021-02","701 - 800","701 - 800"
"876","JO","2021-03","601 - 700","601 - 700"
"877","JO","2021-04","501 - 600","501 - 600"
"878","JO","2021-05","701 - 800","701 - 800"
"879","JO","2021-06","301 - 400","301 - 400"
"880","JO","2021-07","501 - 600","501 - 600"
"881","JO","2021-08","701 - 800","701 - 800"
"882","JP","2020-09","> 1000","> 1000"
"883","JP","2020-10","> 1000","> 1000"
"884","JP","2020-11","> 1000","> 1000"
"885","JP","2020-12","> 1000","> 1000"
"886","JP","2021-01","> 1000","> 1000"
"887","JP","2021-02","> 1000","> 1000"
"888","JP","2021-03","> 1000","> 1000"
"889","JP","2021-04","> 1000","> 1000"
"890","JP","2021-05","> 1000","> 1000"
"891","JP","2021-06","> 1000","> 1000"
"892","JP","2021-07","> 1000","> 1000"
"893","JP","2021-08","> 1000","> 1000"
"894","KE","2020-09","201 - 300","201 - 300"
"895","KE","2020-10","101 - 200","101 - 200"
"896","KE","2020-11","101 - 200","101 - 200"
"897","KE","2020-12","1 - 100","1 - 100"
"898","KE","2021-01","101 - 200","1 - 100"
"899","KE","2021-02","101 - 200","101 - 200"
"900","KE","2021-03","1 - 100","1 - 100"
"901","KE","2021-04","101 - 200","101 - 200"
"902","KE","2021-05","1 - 100","1 - 100"
"903","KE","2021-06","1 - 100","1 - 100"
"904","KE","2021-07","1 - 100","1 - 100"
"905","KE","2021-08","1 - 100","1 - 100"
"906","KG","2020-09","1 - 100","1 - 100"
"907","KG","2020-10","1 - 100","1 - 100"
"908","KG","2020-11","1 - 100","1 - 100"
"909","KG","2020-12","> 1000","> 1000"
"910","KG","2021-01","1 - 100","1 - 100"
"911","KG","2021-02","1 - 100","1 - 100"
"912","KG","2021-03","101 - 200","101 - 200"
"913","KG","2021-04","1 - 100","1 - 100"
"914","KG","2021-05","601 - 700","601 - 700"
"915","KG","2021-06","1 - 100","1 - 100"
"916","KG","2021-07","1 - 100","1 - 100"
"917","KG","2021-08","1 - 100","1 - 100"
"918","KH","2020-09","301 - 400","301 - 400"
"919","KH","2020-10","1 - 100","1 - 100"
"920","KH","2020-11","1 - 100","1 - 100"
"921","KH","2020-12","101 - 200","101 - 200"
"922","KH","2021-01","301 - 400","301 - 400"
"923","KH","2021-02","301 - 400","301 - 400"
"924","KH","2021-03","201 - 300","201 - 300"
"925","KH","2021-04","201 - 300","201 - 300"
"926","KH","2021-05","1 - 100","1 - 100"
"927","KH","2021-06","401 - 500","401 - 500"
"928","KH","2021-07","701 - 800","701 - 800"
"929","KH","2021-08","301 - 400","301 - 400"
"930","KM","2020-12","1 - 100","1 - 100"
"931","KM","2021-01","1 - 100","1 - 100"
"932","KM","2021-02","1 - 100","1 - 100"
"933","KM","2021-03","1 - 100","1 - 100"
"934","KM","2021-04","1 - 100","1 - 100"
"935","KR","2020-09","> 1000","> 1000"
"936","KR","2020-10","> 1000","> 1000"
"937","KR","2020-11","> 1000","> 1000"
"938","KR","2020-12","> 1000","> 1000"
"939","KR","2021-01","> 1000","> 1000"
"940","KR","2021-02","> 1000","> 1000"
"941","KR","2021-03","> 1000","> 1000"
"942","KR","2021-04","> 1000","> 1000"
"943","KR","2021-05","> 1000","> 1000"
"944","KR","2021-06","> 1000","> 1000"
"945","KR","2021-07","> 1000","> 1000"
"946","KR","2021-08","> 1000","> 1000"
"947","KW","2020-09","101 - 200","101 - 200"
"948","KW","2020-10","101 - 200","101 - 200"
"949","KW","2020-11","101 - 200","101 - 200"
"950","KW","2020-12","101 - 200","101 - 200"
"951","KW","2021-01","101 - 200","101 - 200"
"952","KW","2021-02","301 - 400","301 - 400"
"953","KW","2021-03","201 - 300","201 - 300"
"954","KW","2021-04","401 - 500","401 - 500"
"955","KW","2021-05","201 - 300","201 - 300"
"956","KW","2021-06","101 - 200","101 - 200"
"957","KW","2021-07","201 - 300","201 - 300"
"958","KW","2021-08","201 - 300","201 - 300"
"959","KY","2021-05","1 - 100","1 - 100"
"960","LB","2020-09","> 1000","> 1000"
"961","LB","2020-10","> 1000","> 1000"
"962","LB","2020-11","> 1000","> 1000"
"963","LB","2020-12","> 1000","> 1000"
"964","LB","2021-01","> 1000","> 1000"
"965","LB","2021-02","> 1000","> 1000"
"966","LB","2021-03","> 1000","> 1000"
"967","LB","2021-04","> 1000","> 1000"
"968","LB","2021-05","> 1000","> 1000"
"969","LB","2021-06","> 1000","> 1000"
"970","LB","2021-07","> 1000","> 1000"
"971","LB","2021-08","> 1000","> 1000"
"972","LC","2020-09","1 - 100","1 - 100"
"973","LC","2020-10","1 - 100","1 - 100"
"974","LC","2020-11","1 - 100","1 - 100"
"975","LC","2020-12","1 - 100","1 - 100"
"976","LC","2021-01","1 - 100","1 - 100"
"977","LC","2021-02","1 - 100","1 - 100"
"978","LC","2021-03","1 - 100","1 - 100"
"979","LC","2021-04","1 - 100","1 - 100"
"980","LC","2021-05","1 - 100","1 - 100"
"981","LC","2021-06","1 - 100","1 - 100"
"982","LC","2021-07","1 - 100","1 - 100"
"983","LC","2021-08","1 - 100","1 - 100"
"984","LI","2020-09","1 - 100","1 - 100"
"985","LI","2020-11","1 - 100","1 - 100"
"986","LI","2020-12","1 - 100","1 - 100"
"987","LI","2021-01","1 - 100","1 - 100"
"988","LI","2021-02","1 - 100","1 - 100"
"989","LI","2021-03","1 - 100","1 - 100"
"990","LI","2021-05","1 - 100","1 - 100"
"991","LI","2021-06","1 - 100","1 - 100"
"992","LK","2020-09","201 - 300","201 - 300"
"993","LK","2020-10","501 - 600","501 - 600"
"994","LK","2020-11","401 - 500","401 - 500"
"995","LK","2020-12","901 - 1000","901 - 1000"
"996","LK","2021-01","> 1000","> 1000"
"997","LK","2021-02","> 1000","> 1000"
"998","LK","2021-03","> 1000","> 1000"
"999","LK","2021-04","> 1000","> 1000"
"1000","LK","2021-05","701 - 800","701 - 800"
"1001","LK","2021-06","501 - 600","501 - 600"
"1002","LK","2021-07","> 1000","> 1000"
"1003","LK","2021-08","> 1000","> 1000"
"1004","LR","2020-09","1 - 100","1 - 100"
"1005","LR","2020-10","1 - 100","1 - 100"
"1006","LR","2020-11","1 - 100","1 - 100"
"1007","LR","2021-01","1 - 100","1 - 100"
"1008","LR","2021-02","1 - 100","1 - 100"
"1009","LR","2021-03","1 - 100","1 - 100"
"1010","LR","2021-04","1 - 100","1 - 100"
"1011","LR","2021-05","1 - 100","1 - 100"
"1012","LR","2021-06","1 - 100","1 - 100"
"1013","LR","2021-07","1 - 100","1 - 100"
"1014","LR","2021-08","1 - 100","1 - 100"
"1015","LS","2020-12","1 - 100","1 - 100"
"1016","LS","2021-01","1 - 100","1 - 100"
"1017","LS","2021-04","1 - 100","1 - 100"
"1018","LS","2021-08","1 - 100","1 - 100"
"1019","LT","2020-09","> 1000","> 1000"
"1020","LT","2020-10","> 1000","> 1000"
"1021","LT","2020-11","> 1000","> 1000"
"1022","LT","2020-12","> 1000","> 1000"
"1023","LT","2021-01","> 1000","> 1000"
"1024","LT","2021-02","> 1000","> 1000"
"1025","LT","2021-03","> 1000","> 1000"
"1026","LT","2021-04","> 1000","> 1000"
"1027","LT","2021-05","701 - 800","701 - 800"
"1028","LT","2021-06","401 - 500","401 - 500"
"1029","LT","2021-07","801 - 900","801 - 900"
"1030","LT","2021-08","601 - 700","601 - 700"
"1031","LU","2020-09","> 1000","> 1000"
"1032","LU","2020-10","> 1000","> 1000"
"1033","LU","2020-11","> 1000","> 1000"
"1034","LU","2020-12","> 1000","> 1000"
"1035","LU","2021-01","> 1000","> 1000"
"1036","LU","2021-02","> 1000","> 1000"
"1037","LU","2021-03","> 1000","> 1000"
"1038","LU","2021-04","> 1000","> 1000"
"1039","LU","2021-05","> 1000","> 1000"
"1040","LU","2021-06","> 1000","> 1000"
"1041","LU","2021-07","> 1000","> 1000"
"1042","LU","2021-08","> 1000","> 1000"
"1043","LV","2020-09","> 1000","> 1000"
"1044","LV","2020-10","> 1000","> 1000"
"1045","LV","2020-11","> 1000","> 1000"
"1046","LV","2020-12","> 1000","> 1000"
"1047","LV","2021-01","> 1000","> 1000"
"1048","LV","2021-02","> 1000","> 1000"
"1049","LV","2021-03","> 1000","> 1000"
"1050","LV","2021-04","> 1000","> 1000"
"1051","LV","2021-05","> 1000","> 1000"
"1052","LV","2021-06","> 1000","> 1000"
"1053","LV","2021-07","> 1000","> 1000"
"1054","LV","2021-08","> 1000","> 1000"
"1055","MA","2020-09","> 1000","> 1000"
"1056","MA","2020-10","> 1000","> 1000"
"1057","MA","2020-11","> 1000","> 1000"
"1058","MA","2020-12","> 1000","> 1000"
"1059","MA","2021-01","> 1000","> 1000"
"1060","MA","2021-02","> 1000","> 1000"
"1061","MA","2021-03","> 1000","> 1000"
"1062","MA","2021-04","> 1000","> 1000"
"1063","MA","2021-05","> 1000","> 1000"
"1064","MA","2021-06","> 1000","> 1000"
"1065","MA","2021-07","> 1000","> 1000"
"1066","MA","2021-08","> 1000","> 1000"
"1067","MC","2020-09","1 - 100","1 - 100"
"1068","MC","2020-10","1 - 100","1 - 100"
"1069","MC","2020-11","1 - 100","1 - 100"
"1070","MC","2020-12","1 - 100","1 - 100"
"1071","MC","2021-02","1 - 100","1 - 100"
"1072","MC","2021-03","1 - 100","1 - 100"
"1073","MC","2021-04","1 - 100","1 - 100"
"1074","MC","2021-05","1 - 100","1 - 100"
"1075","MC","2021-08","1 - 100","1 - 100"
"1076","MD","2020-09","301 - 400","301 - 400"
"1077","MD","2020-10","701 - 800","601 - 700"
"1078","MD","2020-11","501 - 600","501 - 600"
"1079","MD","2020-12","701 - 800","701 - 800"
"1080","MD","2021-01","701 - 800","701 - 800"
"1081","MD","2021-02","> 1000","> 1000"
"1082","MD","2021-03","> 1000","> 1000"
"1083","MD","2021-04","> 1000","> 1000"
"1084","MD","2021-05","901 - 1000","901 - 1000"
"1085","MD","2021-06","301 - 400","301 - 400"
"1086","MD","2021-07","801 - 900","801 - 900"
"1087","MD","2021-08","701 - 800","701 - 800"
"1088","ME","2020-09","1 - 100","1 - 100"
"1089","ME","2020-10","101 - 200","101 - 200"
"1090","ME","2020-11","401 - 500","401 - 500"
"1091","ME","2020-12","201 - 300","201 - 300"
"1092","ME","2021-01","1 - 100","1 - 100"
"1093","ME","2021-02","1 - 100","1 - 100"
"1094","ME","2021-03","1 - 100","1 - 100"
"1095","ME","2021-04","1 - 100","1 - 100"
"1096","ME","2021-05","1 - 100","1 - 100"
"1097","ME","2021-06","201 - 300","201 - 300"
"1098","ME","2021-07","201 - 300","201 - 300"
"1099","ME","2021-08","701 - 800","701 - 800"
"1100","MG","2020-09","1 - 100","1 - 100"
"1101","MG","2020-10","401 - 500","401 - 500"
"1102","MG","2020-11","1 - 100","1 - 100"
"1103","MG","2020-12","101 - 200","101 - 200"
"1104","MG","2021-01","401 - 500","401 - 500"
"1105","MG","2021-02","1 - 100","1 - 100"
"1106","MG","2021-03","1 - 100","1 - 100"
"1107","MG","2021-04","1 - 100","1 - 100"
"1108","MG","2021-05","1 - 100","1 - 100"
"1109","MG","2021-06","1 - 100","1 - 100"
"1110","MG","2021-07","1 - 100","1 - 100"
"1111","MG","2021-08","1 - 100","1 - 100"
"1112","MH","2021-03","1 - 100","1 - 100"
"1113","MK","2020-09","> 1000","> 1000"
"1114","MK","2020-10","> 1000","> 1000"
"1115","MK","2020-11","> 1000","> 1000"
"1116","MK","2020-12","> 1000","> 1000"
"1117","MK","2021-01","> 1000","> 1000"
"1118","MK","2021-02","> 1000","> 1000"
"1119","MK","2021-03","> 1000","> 1000"
"1120","MK","2021-04","> 1000","> 1000"
"1121","MK","2021-05","901 - 1000","901 - 1000"
"1122","MK","2021-06","601 - 700","601 - 700"
"1123","MK","2021-07","901 - 1000","901 - 1000"
"1124","MK","2021-08","> 1000","> 1000"
"1125","ML","2020-09","201 - 300","201 - 300"
"1126","ML","2020-10","201 - 300","201 - 300"
"1127","ML","2020-11","101 - 200","101 - 200"
"1128","ML","2020-12","1 - 100","1 - 100"
"1129","ML","2021-01","1 - 100","1 - 100"
"1130","ML","2021-02","1 - 100","1 - 100"
"1131","ML","2021-03","1 - 100","1 - 100"
"1132","ML","2021-04","1 - 100","1 - 100"
"1133","ML","2021-05","1 - 100","1 - 100"
"1134","ML","2021-06","1 - 100","1 - 100"
"1135","ML","2021-07","1 - 100","1 - 100"
"1136","ML","2021-08","1 - 100","1 - 100"
"1137","MN","2020-09","1 - 100","1 - 100"
"1138","MN","2020-10","1 - 100","1 - 100"
"1139","MN","2020-11","101 - 200","101 - 200"
"1140","MN","2020-12","101 - 200","101 - 200"
"1141","MN","2021-01","1 - 100","1 - 100"
"1142","MN","2021-02","1 - 100","1 - 100"
"1143","MN","2021-03","201 - 300","201 - 300"
"1144","MN","2021-04","101 - 200","101 - 200"
"1145","MN","2021-05","401 - 500","401 - 500"
"1146","MN","2021-06","401 - 500","401 - 500"
"1147","MN","2021-07","201 - 300","201 - 300"
"1148","MN","2021-08","101 - 200","101 - 200"
"1149","MO","2020-09","> 1000","> 1000"
"1150","MO","2020-10","401 - 500","401 - 500"
"1151","MO","2020-11","1 - 100","1 - 100"
"1152","MO","2020-12","601 - 700","601 - 700"
"1153","MO","2021-01","401 - 500","401 - 500"
"1154","MO","2021-02","701 - 800","701 - 800"
"1155","MO","2021-03","101 - 200","101 - 200"
"1156","MO","2021-04","301 - 400","301 - 400"
"1157","MO","2021-05","601 - 700","601 - 700"
"1158","MO","2021-06","> 1000","> 1000"
"1159","MO","2021-07","> 1000","> 1000"
"1160","MO","2021-08","> 1000","> 1000"
"1161","MQ","2020-09","1 - 100","1 - 100"
"1162","MQ","2020-10","1 - 100","1 - 100"
"1163","MQ","2020-11","1 - 100","1 - 100"
"1164","MQ","2020-12","1 - 100","1 - 100"
"1165","MQ","2021-01","1 - 100","1 - 100"
"1166","MQ","2021-02","1 - 100","1 - 100"
"1167","MQ","2021-03","1 - 100","1 - 100"
"1168","MQ","2021-04","1 - 100","1 - 100"
"1169","MQ","2021-05","1 - 100","1 - 100"
"1170","MQ","2021-06","1 - 100","1 - 100"
"1171","MQ","2021-07","1 - 100","1 - 100"
"1172","MQ","2021-08","1 - 100","1 - 100"
"1173","MR","2020-09","1 - 100","1 - 100"
"1174","MR","2020-10","1 - 100","1 - 100"
"1175","MR","2020-11","1 - 100","1 - 100"
"1176","MR","2020-12","1 - 100","1 - 100"
"1177","MR","2021-01","1 - 100","1 - 100"
"1178","MR","2021-02","1 - 100","1 - 100"
"1179","MR","2021-03","1 - 100","1 - 100"
"1180","MR","2021-04","1 - 100","1 - 100"
"1181","MR","2021-05","1 - 100","1 - 100"
"1182","MR","2021-06","1 - 100","1 - 100"
"1183","MR","2021-07","1 - 100","1 - 100"
"1184","MR","2021-08","1 - 100","1 - 100"
"1185","MT","2020-09","101 - 200","101 - 200"
"1186","MT","2020-10","1 - 100","1 - 100"
"1187","MT","2020-11","1 - 100","1 - 100"
"1188","MT","2020-12","1 - 100","1 - 100"
"1189","MT","2021-01","101 - 200","101 - 200"
"1190","MT","2021-02","1 - 100","1 - 100"
"1191","MT","2021-03","1 - 100","1 - 100"
"1192","MT","2021-04","1 - 100","1 - 100"
"1193","MT","2021-05","201 - 300","201 - 300"
"1194","MT","2021-06","301 - 400","301 - 400"
"1195","MT","2021-07","101 - 200","101 - 200"
"1196","MT","2021-08","1 - 100","1 - 100"
"1197","MU","2020-09","1 - 100","1 - 100"
"1198","MU","2020-10","1 - 100","1 - 100"
"1199","MU","2020-11","1 - 100","1 - 100"
"1200","MU","2020-12","1 - 100","1 - 100"
"1201","MU","2021-01","1 - 100","1 - 100"
"1202","MU","2021-02","1 - 100","1 - 100"
"1203","MU","2021-03","1 - 100","1 - 100"
"1204","MU","2021-04","1 - 100","1 - 100"
"1205","MU","2021-05","1 - 100","1 - 100"
"1206","MU","2021-06","1 - 100","1 - 100"
"1207","MU","2021-08","1 - 100","1 - 100"
"1208","MV","2020-09","1 - 100","1 - 100"
"1209","MV","2020-10","1 - 100","1 - 100"
"1210","MV","2020-11","1 - 100","1 - 100"
"1211","MV","2020-12","1 - 100","1 - 100"
"1212","MV","2021-01","401 - 500","401 - 500"
"1213","MV","2021-02","1 - 100","1 - 100"
"1214","MV","2021-03","1 - 100","1 - 100"
"1215","MV","2021-05","201 - 300","201 - 300"
"1216","MV","2021-06","1 - 100","1 - 100"
"1217","MV","2021-07","501 - 600","501 - 600"
"1218","MV","2021-08","301 - 400","301 - 400"
"1219","MW","2020-10","1 - 100","1 - 100"
"1220","MW","2020-12","1 - 100","1 - 100"
"1221","MW","2021-01","1 - 100","1 - 100"
"1222","MW","2021-02","1 - 100","1 - 100"
"1223","MW","2021-03","101 - 200","101 - 200"
"1224","MW","2021-04","1 - 100","1 - 100"
"1225","MW","2021-06","1 - 100","1 - 100"
"1226","MW","2021-07","1 - 100","1 - 100"
"1227","MW","2021-08","1 - 100","1 - 100"
"1228","MX","2020-09","> 1000","> 1000"
"1229","MX","2020-10","> 1000","> 1000"
"1230","MX","2020-11","> 1000","> 1000"
"1231","MX","2020-12","> 1000","> 1000"
"1232","MX","2021-01","> 1000","> 1000"
"1233","MX","2021-02","> 1000","> 1000"
"1234","MX","2021-03","> 1000","> 1000"
"1235","MX","2021-04","> 1000","> 1000"
"1236","MX","2021-05","> 1000","> 1000"
"1237","MX","2021-06","> 1000","> 1000"
"1238","MX","2021-07","> 1000","> 1000"
"1239","MX","2021-08","> 1000","> 1000"
"1240","MY","2020-09","> 1000","> 1000"
"1241","MY","2020-10","> 1000","> 1000"
"1242","MY","2020-11","> 1000","> 1000"
"1243","MY","2020-12","> 1000","> 1000"
"1244","MY","2021-01","> 1000","> 1000"
"1245","MY","2021-02","> 1000","> 1000"
"1246","MY","2021-03","> 1000","> 1000"
"1247","MY","2021-04","> 1000","> 1000"
"1248","MY","2021-05","> 1000","> 1000"
"1249","MY","2021-06","> 1000","> 1000"
"1250","MY","2021-07","> 1000","> 1000"
"1251","MY","2021-08","> 1000","> 1000"
"1252","MZ","2020-09","1 - 100","1 - 100"
"1253","MZ","2020-10","1 - 100","1 - 100"
"1254","MZ","2020-11","1 - 100","1 - 100"
"1255","MZ","2020-12","1 - 100","1 - 100"
"1256","MZ","2021-01","1 - 100","1 - 100"
"1257","MZ","2021-02","1 - 100","1 - 100"
"1258","MZ","2021-03","1 - 100","1 - 100"
"1259","MZ","2021-04","1 - 100","1 - 100"
"1260","MZ","2021-05","1 - 100","1 - 100"
"1261","MZ","2021-06","1 - 100","1 - 100"
"1262","MZ","2021-08","1 - 100","1 - 100"
"1263","NC","2020-09","1 - 100","1 - 100"
"1264","NC","2020-12","1 - 100","1 - 100"
"1265","NC","2021-02","1 - 100","1 - 100"
"1266","NC","2021-03","1 - 100","1 - 100"
"1267","NC","2021-04","1 - 100","1 - 100"
"1268","NC","2021-05","1 - 100","1 - 100"
"1269","NC","2021-06","1 - 100","1 - 100"
"1270","NC","2021-07","1 - 100","1 - 100"
"1271","NC","2021-08","1 - 100","1 - 100"
"1272","NE","2020-09","1 - 100","1 - 100"
"1273","NE","2020-10","1 - 100","1 - 100"
"1274","NE","2020-11","1 - 100","1 - 100"
"1275","NE","2020-12","1 - 100","1 - 100"
"1276","NE","2021-01","1 - 100","1 - 100"
"1277","NE","2021-04","1 - 100","1 - 100"
"1278","NE","2021-05","1 - 100","1 - 100"
"1279","NE","2021-07","1 - 100","1 - 100"
"1280","NE","2021-08","1 - 100","1 - 100"
"1281","NG","2020-09","> 1000","> 1000"
"1282","NG","2020-10","> 1000","> 1000"
"1283","NG","2020-11","> 1000","> 1000"
"1284","NG","2020-12","> 1000","> 1000"
"1285","NG","2021-01","> 1000","> 1000"
"1286","NG","2021-02","> 1000","> 1000"
"1287","NG","2021-03","> 1000","> 1000"
"1288","NG","2021-04","> 1000","> 1000"
"1289","NG","2021-05","> 1000","> 1000"
"1290","NG","2021-06","> 1000","> 1000"
"1291","NG","2021-07","> 1000","> 1000"
"1292","NG","2021-08","> 1000","> 1000"
"1293","NI","2020-09","101 - 200","101 - 200"
"1294","NI","2020-10","1 - 100","1 - 100"
"1295","NI","2020-11","101 - 200","101 - 200"
"1296","NI","2020-12","1 - 100","1 - 100"
"1297","NI","2021-01","1 - 100","1 - 100"
"1298","NI","2021-02","1 - 100","1 - 100"
"1299","NI","2021-03","1 - 100","1 - 100"
"1300","NI","2021-04","1 - 100","1 - 100"
"1301","NI","2021-05","101 - 200","101 - 200"
"1302","NI","2021-06","201 - 300","201 - 300"
"1303","NI","2021-07","1 - 100","1 - 100"
"1304","NI","2021-08","1 - 100","1 - 100"
"1305","NL","2020-09","> 1000","> 1000"
"1306","NL","2020-10","> 1000","> 1000"
"1307","NL","2020-11","> 1000","> 1000"
"1308","NL","2020-12","> 1000","> 1000"
"1309","NL","2021-01","> 1000","> 1000"
"1310","NL","2021-02","> 1000","> 1000"
"1311","NL","2021-03","> 1000","> 1000"
"1312","NL","2021-04","> 1000","> 1000"
"1313","NL","2021-05","> 1000","> 1000"
"1314","NL","2021-06","> 1000","> 1000"
"1315","NL","2021-07","> 1000","> 1000"
"1316","NL","2021-08","> 1000","> 1000"
"1317","NO","2020-09","> 1000","> 1000"
"1318","NO","2020-10","> 1000","> 1000"
"1319","NO","2020-11","> 1000","> 1000"
"1320","NO","2020-12","> 1000","> 1000"
"1321","NO","2021-01","> 1000","> 1000"
"1322","NO","2021-02","> 1000","> 1000"
"1323","NO","2021-03","> 1000","> 1000"
"1324","NO","2021-04","> 1000","> 1000"
"1325","NO","2021-05","> 1000","> 1000"
"1326","NO","2021-06","> 1000","> 1000"
"1327","NO","2021-07","> 1000","> 1000"
"1328","NO","2021-08","> 1000","> 1000"
"1329","NP","2020-09","> 1000","> 1000"
"1330","NP","2020-10","801 - 900","701 - 800"
"1331","NP","2020-11","601 - 700","601 - 700"
"1332","NP","2020-12","601 - 700","601 - 700"
"1333","NP","2021-01","701 - 800","701 - 800"
"1334","NP","2021-02","501 - 600","401 - 500"
"1335","NP","2021-03","501 - 600","501 - 600"
"1336","NP","2021-04","301 - 400","301 - 400"
"1337","NP","2021-05","701 - 800","701 - 800"
"1338","NP","2021-06","401 - 500","401 - 500"
"1339","NP","2021-07","301 - 400","301 - 400"
"1340","NP","2021-08","301 - 400","301 - 400"
"1341","NZ","2020-09","> 1000","> 1000"
"1342","NZ","2020-10","> 1000","> 1000"
"1343","NZ","2020-11","> 1000","> 1000"
"1344","NZ","2020-12","> 1000","> 1000"
"1345","NZ","2021-01","> 1000","> 1000"
"1346","NZ","2021-02","> 1000","> 1000"
"1347","NZ","2021-03","> 1000","> 1000"
"1348","NZ","2021-04","> 1000","> 1000"
"1349","NZ","2021-05","> 1000","> 1000"
"1350","NZ","2021-06","> 1000","> 1000"
"1351","NZ","2021-07","> 1000","> 1000"
"1352","NZ","2021-08","> 1000","> 1000"
"1353","OM","2020-09","101 - 200","101 - 200"
"1354","OM","2020-10","201 - 300","201 - 300"
"1355","OM","2020-11","201 - 300","201 - 300"
"1356","OM","2020-12","201 - 300","201 - 300"
"1357","OM","2021-01","201 - 300","201 - 300"
"1358","OM","2021-02","101 - 200","101 - 200"
"1359","OM","2021-03","101 - 200","101 - 200"
"1360","OM","2021-04","201 - 300","201 - 300"
"1361","OM","2021-05","101 - 200","101 - 200"
"1362","OM","2021-06","1 - 100","1 - 100"
"1363","OM","2021-07","101 - 200","101 - 200"
"1364","OM","2021-08","101 - 200","101 - 200"
"1365","PA","2020-09","301 - 400","201 - 300"
"1366","PA","2020-10","601 - 700","501 - 600"
"1367","PA","2020-11","301 - 400","301 - 400"
"1368","PA","2020-12","201 - 300","101 - 200"
"1369","PA","2021-01","401 - 500","401 - 500"
"1370","PA","2021-02","201 - 300","201 - 300"
"1371","PA","2021-03","301 - 400","301 - 400"
"1372","PA","2021-04","101 - 200","101 - 200"
"1373","PA","2021-05","201 - 300","201 - 300"
"1374","PA","2021-06","301 - 400","301 - 400"
"1375","PA","2021-07","201 - 300","201 - 300"
"1376","PA","2021-08","201 - 300","201 - 300"
"1377","PE","2020-09","> 1000","> 1000"
"1378","PE","2020-10","> 1000","> 1000"
"1379","PE","2020-11","> 1000","> 1000"
"1380","PE","2020-12","> 1000","> 1000"
"1381","PE","2021-01","> 1000","> 1000"
"1382","PE","2021-02","> 1000","> 1000"
"1383","PE","2021-03","> 1000","> 1000"
"1384","PE","2021-04","> 1000","> 1000"
"1385","PE","2021-05","> 1000","> 1000"
"1386","PE","2021-06","> 1000","> 1000"
"1387","PE","2021-07","> 1000","> 1000"
"1388","PE","2021-08","> 1000","> 1000"
"1389","PF","2020-09","1 - 100","1 - 100"
"1390","PF","2020-10","1 - 100","1 - 100"
"1391","PF","2020-11","1 - 100","1 - 100"
"1392","PF","2020-12","1 - 100","1 - 100"
"1393","PF","2021-02","1 - 100","1 - 100"
"1394","PF","2021-03","1 - 100","1 - 100"
"1395","PF","2021-04","1 - 100","1 - 100"
"1396","PF","2021-06","1 - 100","1 - 100"
"1397","PG","2020-10","1 - 100","1 - 100"
"1398","PG","2020-11","1 - 100","1 - 100"
"1399","PG","2021-01","1 - 100","1 - 100"
"1400","PG","2021-02","1 - 100","1 - 100"
"1401","PG","2021-03","1 - 100","1 - 100"
"1402","PG","2021-06","1 - 100","1 - 100"
"1403","PH","2020-09","> 1000","> 1000"
"1404","PH","2020-10","> 1000","> 1000"
"1405","PH","2020-11","> 1000","> 1000"
"1406","PH","2020-12","> 1000","> 1000"
"1407","PH","2021-01","> 1000","> 1000"
"1408","PH","2021-02","> 1000","> 1000"
"1409","PH","2021-03","> 1000","> 1000"
"1410","PH","2021-04","> 1000","> 1000"
"1411","PH","2021-05","> 1000","> 1000"
"1412","PH","2021-06","> 1000","> 1000"
"1413","PH","2021-07","> 1000","> 1000"
"1414","PH","2021-08","> 1000","> 1000"
"1415","PL","2020-09","> 1000","> 1000"
"1416","PL","2020-10","> 1000","> 1000"
"1417","PL","2020-11","> 1000","> 1000"
"1418","PL","2020-12","> 1000","> 1000"
"1419","PL","2021-01","> 1000","> 1000"
"1420","PL","2021-02","> 1000","> 1000"
"1421","PL","2021-03","> 1000","> 1000"
"1422","PL","2021-04","> 1000","> 1000"
"1423","PL","2021-05","> 1000","> 1000"
"1424","PL","2021-06","> 1000","> 1000"
"1425","PL","2021-07","> 1000","> 1000"
"1426","PL","2021-08","> 1000","> 1000"
"1427","PM","2021-02","1 - 100","1 - 100"
"1428","PR","2020-09","1 - 100","1 - 100"
"1429","PR","2020-10","1 - 100","1 - 100"
"1430","PR","2020-11","1 - 100","1 - 100"
"1431","PR","2020-12","1 - 100","1 - 100"
"1432","PR","2021-01","1 - 100","1 - 100"
"1433","PR","2021-02","1 - 100","1 - 100"
"1434","PR","2021-03","1 - 100","1 - 100"
"1435","PR","2021-04","101 - 200","101 - 200"
"1436","PR","2021-05","101 - 200","101 - 200"
"1437","PR","2021-06","201 - 300","201 - 300"
"1438","PR","2021-07","> 1000","> 1000"
"1439","PR","2021-08","301 - 400","301 - 400"
"1440","PS","2020-09","> 1000","> 1000"
"1441","PS","2020-10","> 1000","> 1000"
"1442","PS","2020-11","> 1000","> 1000"
"1443","PS","2020-12","> 1000","> 1000"
"1444","PS","2021-01","> 1000","> 1000"
"1445","PS","2021-02","701 - 800","701 - 800"
"1446","PS","2021-03","> 1000","> 1000"
"1447","PS","2021-04","> 1000","> 1000"
"1448","PS","2021-05","> 1000","> 1000"
"1449","PS","2021-06","901 - 1000","901 - 1000"
"1450","PS","2021-07","> 1000","> 1000"
"1451","PS","2021-08","> 1000","901 - 1000"
"1452","PT","2020-09","> 1000","> 1000"
"1453","PT","2020-10","> 1000","> 1000"
"1454","PT","2020-11","> 1000","> 1000"
"1455","PT","2020-12","> 1000","> 1000"
"1456","PT","2021-01","> 1000","> 1000"
"1457","PT","2021-02","> 1000","> 1000"
"1458","PT","2021-03","> 1000","> 1000"
"1459","PT","2021-04","> 1000","> 1000"
"1460","PT","2021-05","> 1000","> 1000"
"1461","PT","2021-06","> 1000","> 1000"
"1462","PT","2021-07","> 1000","> 1000"
"1463","PT","2021-08","> 1000","> 1000"
"1464","PY","2020-09","401 - 500","401 - 500"
"1465","PY","2020-10","801 - 900","801 - 900"
"1466","PY","2020-11","501 - 600","501 - 600"
"1467","PY","2020-12","401 - 500","401 - 500"
"1468","PY","2021-01","501 - 600","401 - 500"
"1469","PY","2021-02","101 - 200","101 - 200"
"1470","PY","2021-03","201 - 300","201 - 300"
"1471","PY","2021-04","601 - 700","601 - 700"
"1472","PY","2021-05","601 - 700","601 - 700"
"1473","PY","2021-06","801 - 900","801 - 900"
"1474","PY","2021-07","401 - 500","401 - 500"
"1475","PY","2021-08","201 - 300","201 - 300"
"1476","QA","2020-09","1 - 100","1 - 100"
"1477","QA","2020-10","1 - 100","1 - 100"
"1478","QA","2020-11","1 - 100","1 - 100"
"1479","QA","2020-12","101 - 200","1 - 100"
"1480","QA","2021-01","1 - 100","1 - 100"
"1481","QA","2021-02","101 - 200","101 - 200"
"1482","QA","2021-03","201 - 300","201 - 300"
"1483","QA","2021-04","1 - 100","1 - 100"
"1484","QA","2021-05","1 - 100","1 - 100"
"1485","QA","2021-06","1 - 100","1 - 100"
"1486","QA","2021-07","1 - 100","1 - 100"
"1487","QA","2021-08","701 - 800","701 - 800"
"1488","RE","2020-09","1 - 100","1 - 100"
"1489","RE","2020-10","101 - 200","101 - 200"
"1490","RE","2020-11","701 - 800","701 - 800"
"1491","RE","2020-12","201 - 300","201 - 300"
"1492","RE","2021-01","201 - 300","201 - 300"
"1493","RE","2021-02","301 - 400","301 - 400"
"1494","RE","2021-03","201 - 300","201 - 300"
"1495","RE","2021-04","201 - 300","201 - 300"
"1496","RE","2021-05","701 - 800","701 - 800"
"1497","RE","2021-06","401 - 500","401 - 500"
"1498","RE","2021-07","201 - 300","201 - 300"
"1499","RE","2021-08","101 - 200","101 - 200"
"1500","RO","2020-09","> 1000","> 1000"
"1501","RO","2020-10","> 1000","> 1000"
"1502","RO","2020-11","> 1000","> 1000"
"1503","RO","2020-12","> 1000","> 1000"
"1504","RO","2021-01","> 1000","> 1000"
"1505","RO","2021-02","> 1000","> 1000"
"1506","RO","2021-03","> 1000","> 1000"
"1507","RO","2021-04","> 1000","> 1000"
"1508","RO","2021-05","> 1000","> 1000"
"1509","RO","2021-06","> 1000","> 1000"
"1510","RO","2021-07","> 1000","> 1000"
"1511","RO","2021-08","> 1000","> 1000"
"1512","RS","2020-09","> 1000","> 1000"
"1513","RS","2020-10","> 1000","> 1000"
"1514","RS","2020-11","> 1000","> 1000"
"1515","RS","2020-12","> 1000","> 1000"
"1516","RS","2021-01","> 1000","> 1000"
"1517","RS","2021-02","> 1000","> 1000"
"1518","RS","2021-03","> 1000","> 1000"
"1519","RS","2021-04","> 1000","> 1000"
"1520","RS","2021-05","> 1000","> 1000"
"1521","RS","2021-06","> 1000","> 1000"
"1522","RS","2021-07","> 1000","> 1000"
"1523","RS","2021-08","> 1000","> 1000"
"1524","SB","2021-05","1 - 100","1 - 100"
"1525","SB","2021-08","1 - 100","0"
"1526","SC","2020-11","1 - 100","1 - 100"
"1527","SC","2021-02","1 - 100","1 - 100"
"1528","SC","2021-03","1 - 100","1 - 100"
"1529","SC","2021-05","1 - 100","1 - 100"
"1530","SC","2021-07","1 - 100","1 - 100"
"1531","SE","2020-09","> 1000","> 1000"
"1532","SE","2020-10","> 1000","> 1000"
"1533","SE","2020-11","> 1000","> 1000"
"1534","SE","2020-12","> 1000","> 1000"
"1535","SE","2021-01","> 1000","> 1000"
"1536","SE","2021-02","> 1000","> 1000"
"1537","SE","2021-03","> 1000","> 1000"
"1538","SE","2021-04","> 1000","> 1000"
"1539","SE","2021-05","> 1000","> 1000"
"1540","SE","2021-06","> 1000","> 1000"
"1541","SE","2021-07","> 1000","> 1000"
"1542","SE","2021-08","> 1000","> 1000"
"1543","SI","2020-09","> 1000","> 1000"
"1544","SI","2020-10","> 1000","> 1000"
"1545","SI","2020-11","> 1000","> 1000"
"1546","SI","2020-12","> 1000","> 1000"
"1547","SI","2021-01","> 1000","> 1000"
"1548","SI","2021-02","> 1000","> 1000"
"1549","SI","2021-03","> 1000","> 1000"
"1550","SI","2021-04","> 1000","> 1000"
"1551","SI","2021-05","> 1000","> 1000"
"1552","SI","2021-06","> 1000","> 1000"
"1553","SI","2021-07","> 1000","> 1000"
"1554","SI","2021-08","> 1000","> 1000"
"1555","SK","2020-09","> 1000","> 1000"
"1556","SK","2020-10","> 1000","> 1000"
"1557","SK","2020-11","> 1000","> 1000"
"1558","SK","2020-12","> 1000","> 1000"
"1559","SK","2021-01","> 1000","> 1000"
"1560","SK","2021-02","> 1000","> 1000"
"1561","SK","2021-03","> 1000","> 1000"
"1562","SK","2021-04","> 1000","> 1000"
"1563","SK","2021-05","> 1000","> 1000"
"1564","SK","2021-06","> 1000","> 1000"
"1565","SK","2021-07","> 1000","> 1000"
"1566","SK","2021-08","> 1000","> 1000"
"1567","SL","2020-09","1 - 100","1 - 100"
"1568","SL","2020-10","1 - 100","1 - 100"
"1569","SL","2020-11","1 - 100","1 - 100"
"1570","SL","2021-01","1 - 100","1 - 100"
"1571","SL","2021-02","1 - 100","1 - 100"
"1572","SL","2021-03","1 - 100","1 - 100"
"1573","SL","2021-04","1 - 100","1 - 100"
"1574","SL","2021-07","1 - 100","1 - 100"
"1575","SM","2020-09","1 - 100","1 - 100"
"1576","SM","2020-10","1 - 100","1 - 100"
"1577","SM","2020-11","1 - 100","1 - 100"
"1578","SM","2020-12","1 - 100","1 - 100"
"1579","SM","2021-01","1 - 100","1 - 100"
"1580","SM","2021-02","1 - 100","1 - 100"
"1581","SM","2021-03","1 - 100","1 - 100"
"1582","SM","2021-04","1 - 100","1 - 100"
"1583","SM","2021-05","1 - 100","1 - 100"
"1584","SM","2021-06","1 - 100","1 - 100"
"1585","SM","2021-07","1 - 100","1 - 100"
"1586","SM","2021-08","1 - 100","1 - 100"
"1587","SN","2020-09","1 - 100","1 - 100"
"1588","SN","2020-10","1 - 100","1 - 100"
"1589","SN","2020-11","1 - 100","1 - 100"
"1590","SN","2020-12","1 - 100","1 - 100"
"1591","SN","2021-01","1 - 100","1 - 100"
"1592","SN","2021-02","1 - 100","1 - 100"
"1593","SN","2021-03","1 - 100","1 - 100"
"1594","SN","2021-04","1 - 100","1 - 100"
"1595","SN","2021-05","1 - 100","1 - 100"
"1596","SN","2021-06","1 - 100","1 - 100"
"1597","SN","2021-07","1 - 100","1 - 100"
"1598","SN","2021-08","1 - 100","1 - 100"
"1599","SR","2020-11","1 - 100","1 - 100"
"1600","SR","2021-01","1 - 100","1 - 100"
"1601","SR","2021-02","1 - 100","1 - 100"
"1602","SR","2021-03","1 - 100","1 - 100"
"1603","SR","2021-04","1 - 100","1 - 100"
"1604","SR","2021-05","1 - 100","1 - 100"
"1605","SR","2021-06","1 - 100","1 - 100"
"1606","SR","2021-07","1 - 100","1 - 100"
"1607","SR","2021-08","1 - 100","1 - 100"
"1608","SS","2020-10","1 - 100","1 - 100"
"1609","SS","2020-11","1 - 100","1 - 100"
"1610","SS","2021-01","1 - 100","1 - 100"
"1611","SS","2021-02","1 - 100","1 - 100"
"1612","SS","2021-03","1 - 100","1 - 100"
"1613","SS","2021-06","1 - 100","1 - 100"
"1614","SS","2021-08","1 - 100","1 - 100"
"1615","ST","2021-06","1 - 100","1 - 100"
"1616","SV","2020-09","101 - 200","101 - 200"
"1617","SV","2020-10","101 - 200","101 - 200"
"1618","SV","2020-11","1 - 100","1 - 100"
"1619","SV","2020-12","1 - 100","1 - 100"
"1620","SV","2021-01","1 - 100","1 - 100"
"1621","SV","2021-02","1 - 100","1 - 100"
"1622","SV","2021-03","101 - 200","101 - 200"
"1623","SV","2021-04","201 - 300","201 - 300"
"1624","SV","2021-05","201 - 300","201 - 300"
"1625","SV","2021-06","101 - 200","101 - 200"
"1626","SV","2021-07","1 - 100","1 - 100"
"1627","SV","2021-08","201 - 300","201 - 300"
"1628","SX","2020-11","1 - 100","1 - 100"
"1629","SX","2021-08","1 - 100","1 - 100"
"1630","SZ","2020-11","1 - 100","1 - 100"
"1631","SZ","2021-01","1 - 100","1 - 100"
"1632","SZ","2021-02","1 - 100","1 - 100"
"1633","SZ","2021-03","1 - 100","1 - 100"
"1634","SZ","2021-05","1 - 100","1 - 100"
"1635","SZ","2021-08","1 - 100","1 - 100"
"1636","TC","2020-10","1 - 100","1 - 100"
"1637","TC","2020-11","1 - 100","1 - 100"
"1638","TC","2021-03","1 - 100","1 - 100"
"1639","TC","2021-07","1 - 100","1 - 100"
"1640","TD","2020-10","1 - 100","1 - 100"
"1641","TD","2020-12","1 - 100","1 - 100"
"1642","TD","2021-01","1 - 100","1 - 100"
"1643","TD","2021-02","1 - 100","1 - 100"
"1644","TD","2021-03","1 - 100","1 - 100"
"1645","TD","2021-04","1 - 100","1 - 100"
"1646","TD","2021-05","1 - 100","1 - 100"
"1647","TD","2021-06","1 - 100","1 - 100"
"1648","TD","2021-07","1 - 100","1 - 100"
"1649","TD","2021-08","1 - 100","1 - 100"
"1650","TG","2020-09","1 - 100","1 - 100"
"1651","TG","2020-10","1 - 100","1 - 100"
"1652","TG","2020-11","1 - 100","1 - 100"
"1653","TG","2020-12","1 - 100","1 - 100"
"1654","TG","2021-01","1 - 100","1 - 100"
"1655","TG","2021-02","1 - 100","1 - 100"
"1656","TG","2021-03","1 - 100","1 - 100"
"1657","TG","2021-05","1 - 100","1 - 100"
"1658","TG","2021-06","1 - 100","1 - 100"
"1659","TG","2021-07","1 - 100","1 - 100"
"1660","TG","2021-08","1 - 100","1 - 100"
"1661","TL","2021-02","1 - 100","1 - 100"
"1662","TL","2021-03","1 - 100","1 - 100"
"1663","TL","2021-05","1 - 100","1 - 100"
"1664","TL","2021-08","1 - 100","1 - 100"
"1665","TN","2020-09","> 1000","901 - 1000"
"1666","TN","2020-10","201 - 300","201 - 300"
"1667","TN","2020-11","401 - 500","301 - 400"
"1668","TN","2020-12","301 - 400","301 - 400"
"1669","TN","2021-01","501 - 600","501 - 600"
"1670","TN","2021-02","201 - 300","201 - 300"
"1671","TN","2021-03","301 - 400","201 - 300"
"1672","TN","2021-04","401 - 500","201 - 300"
"1673","TN","2021-05","401 - 500","401 - 500"
"1674","TN","2021-06","401 - 500","401 - 500"
"1675","TN","2021-07","201 - 300","201 - 300"
"1676","TN","2021-08","401 - 500","401 - 500"
"1677","TO","2021-03","1 - 100","1 - 100"
"1678","TT","2020-09","1 - 100","1 - 100"
"1679","TT","2020-10","1 - 100","1 - 100"
"1680","TT","2020-11","1 - 100","1 - 100"
"1681","TT","2020-12","1 - 100","1 - 100"
"1682","TT","2021-01","1 - 100","1 - 100"
"1683","TT","2021-02","1 - 100","1 - 100"
"1684","TT","2021-03","1 - 100","1 - 100"
"1685","TT","2021-04","1 - 100","1 - 100"
"1686","TT","2021-05","1 - 100","1 - 100"
"1687","TT","2021-06","1 - 100","1 - 100"
"1688","TT","2021-07","1 - 100","1 - 100"
"1689","TW","2020-09","> 1000","> 1000"
"1690","TW","2020-10","> 1000","> 1000"
"1691","TW","2020-11","> 1000","> 1000"
"1692","TW","2020-12","> 1000","> 1000"
"1693","TW","2021-01","> 1000","> 1000"
"1694","TW","2021-02","> 1000","> 1000"
"1695","TW","2021-03","> 1000","> 1000"
"1696","TW","2021-04","> 1000","> 1000"
"1697","TW","2021-05","> 1000","> 1000"
"1698","TW","2021-06","> 1000","> 1000"
"1699","TW","2021-07","> 1000","> 1000"
"1700","TW","2021-08","> 1000","> 1000"
"1701","TZ","2020-09","301 - 400","301 - 400"
"1702","TZ","2020-10","301 - 400","301 - 400"
"1703","TZ","2020-11","301 - 400","301 - 400"
"1704","TZ","2020-12","501 - 600","501 - 600"
"1705","TZ","2021-01","901 - 1000","901 - 1000"
"1706","TZ","2021-02","401 - 500","401 - 500"
"1707","TZ","2021-03","701 - 800","701 - 800"
"1708","TZ","2021-04","701 - 800","701 - 800"
"1709","TZ","2021-05","> 1000","> 1000"
"1710","TZ","2021-06","> 1000","> 1000"
"1711","TZ","2021-07","701 - 800","701 - 800"
"1712","TZ","2021-08","401 - 500","401 - 500"
"1713","UA","2020-09","> 1000","> 1000"
"1714","UA","2020-10","> 1000","> 1000"
"1715","UA","2020-11","> 1000","> 1000"
"1716","UA","2020-12","> 1000","> 1000"
"1717","UA","2021-01","> 1000","> 1000"
"1718","UA","2021-02","> 1000","> 1000"
"1719","UA","2021-03","> 1000","> 1000"
"1720","UA","2021-04","> 1000","> 1000"
"1721","UA","2021-05","> 1000","> 1000"
"1722","UA","2021-06","> 1000","> 1000"
"1723","UA","2021-07","> 1000","> 1000"
"1724","UA","2021-08","> 1000","> 1000"
"1725","UG","2020-09","401 - 500","401 - 500"
"1726","UG","2020-10","201 - 300","201 - 300"
"1727","UG","2020-11","101 - 200","101 - 200"
"1728","UG","2020-12","1 - 100","1 - 100"
"1729","UG","2021-01","101 - 200","101 - 200"
"1730","UG","2021-02","101 - 200","101 - 200"
"1731","UG","2021-03","> 1000","> 1000"
"1732","UG","2021-04","601 - 700","601 - 700"
"1733","UG","2021-05","401 - 500","401 - 500"
"1734","UG","2021-06","101 - 200","101 - 200"
"1735","UG","2021-07","101 - 200","101 - 200"
"1736","UG","2021-08","101 - 200","101 - 200"
"1737","US","2020-09","> 1000","> 1000"
"1738","US","2020-10","> 1000","> 1000"
"1739","US","2020-11","> 1000","> 1000"
"1740","US","2020-12","> 1000","> 1000"
"1741","US","2021-01","> 1000","> 1000"
"1742","US","2021-02","> 1000","> 1000"
"1743","US","2021-03","> 1000","> 1000"
"1744","US","2021-04","> 1000","> 1000"
"1745","US","2021-05","> 1000","> 1000"
"1746","US","2021-06","> 1000","> 1000"
"1747","US","2021-07","> 1000","> 1000"
"1748","US","2021-08","> 1000","> 1000"
"1749","UY","2020-09","> 1000","> 1000"
"1750","UY","2020-10","> 1000","> 1000"
"1751","UY","2020-11","> 1000","> 1000"
"1752","UY","2020-12","> 1000","> 1000"
"1753","UY","2021-01","> 1000","> 1000"
"1754","UY","2021-02","> 1000","> 1000"
"1755","UY","2021-03","> 1000","> 1000"
"1756","UY","2021-04","> 1000","> 1000"
"1757","UY","2021-05","> 1000","> 1000"
"1758","UY","2021-06","> 1000","> 1000"
"1759","UY","2021-07","> 1000","> 1000"
"1760","UY","2021-08","> 1000","> 1000"
"1761","VA","2021-02","1 - 100","1 - 100"
"1762","VC","2020-10","1 - 100","1 - 100"
"1763","VC","2021-02","1 - 100","1 - 100"
"1764","VC","2021-03","1 - 100","1 - 100"
"1765","VC","2021-07","1 - 100","1 - 100"
"1766","VG","2021-02","1 - 100","1 - 100"
"1767","VG","2021-06","1 - 100","1 - 100"
"1768","VU","2020-11","1 - 100","1 - 100"
"1769","VU","2021-02","1 - 100","1 - 100"
"1770","WS","2020-10","1 - 100","1 - 100"
"1771","WS","2021-03","1 - 100","1 - 100"
"1772","XK","2020-09","101 - 200","101 - 200"
"1773","XK","2020-11","1 - 100","1 - 100"
"1774","XK","2020-12","1 - 100","1 - 100"
"1775","XK","2021-01","1 - 100","1 - 100"
"1776","XK","2021-02","1 - 100","1 - 100"
"1777","XK","2021-03","1 - 100","1 - 100"
"1778","XK","2021-04","1 - 100","1 - 100"
"1779","XK","2021-05","1 - 100","1 - 100"
"1780","XK","2021-06","1 - 100","1 - 100"
"1781","XK","2021-07","1 - 100","1 - 100"
"1782","XK","2021-08","1 - 100","1 - 100"
"1783","YT","2020-11","1 - 100","1 - 100"
"1784","YT","2020-12","1 - 100","0"
"1785","YT","2021-02","1 - 100","1 - 100"
"1786","YT","2021-04","1 - 100","1 - 100"
"1787","YT","2021-05","1 - 100","1 - 100"
"1788","ZA","2020-09","> 1000","> 1000"
"1789","ZA","2020-10","> 1000","> 1000"
"1790","ZA","2020-11","> 1000","> 1000"
"1791","ZA","2020-12","> 1000","> 1000"
"1792","ZA","2021-01","> 1000","> 1000"
"1793","ZA","2021-02","> 1000","> 1000"
"1794","ZA","2021-03","> 1000","> 1000"
"1795","ZA","2021-04","> 1000","> 1000"
"1796","ZA","2021-05","> 1000","> 1000"
"1797","ZA","2021-06","> 1000","> 1000"
"1798","ZA","2021-07","> 1000","> 1000"
"1799","ZA","2021-08","> 1000","> 1000"
"1800","ZM","2020-09","1 - 100","1 - 100"
"1801","ZM","2020-10","1 - 100","1 - 100"
"1802","ZM","2020-11","1 - 100","1 - 100"
"1803","ZM","2020-12","1 - 100","1 - 100"
"1804","ZM","2021-01","1 - 100","1 - 100"
"1805","ZM","2021-02","1 - 100","1 - 100"
"1806","ZM","2021-03","1 - 100","1 - 100"
"1807","ZM","2021-04","1 - 100","1 - 100"
"1808","ZM","2021-05","1 - 100","1 - 100"
"1809","ZM","2021-06","101 - 200","101 - 200"
"1810","ZM","2021-07","101 - 200","101 - 200"
"1811","ZM","2021-08","401 - 500","401 - 500"
"1812","ZW","2020-09","1 - 100","1 - 100"
"1813","ZW","2020-10","201 - 300","201 - 300"
"1814","ZW","2020-11","1 - 100","1 - 100"
"1815","ZW","2020-12","1 - 100","1 - 100"
"1816","ZW","2021-01","1 - 100","1 - 100"
"1817","ZW","2021-02","101 - 200","101 - 200"
"1818","ZW","2021-03","1 - 100","1 - 100"
"1819","ZW","2021-04","301 - 400","301 - 400"
"1820","ZW","2021-05","201 - 300","201 - 300"
"1821","ZW","2021-06","201 - 300","201 - 300"
"1822","ZW","2021-07","1 - 100","1 - 100"
"1823","ZW","2021-08","101 - 200","101 - 200"
